Time,Sample #,Type
0.808,202,(
0.864,216,N
0.872,218,N
0.912,228,)
1.892,473,(
1.948,487,N
1.956,489,N
1.996,499,)
2.952,738,(
3.004,751,N
3.012,753,N
3.052,763,)
3.160,790,(
3.248,812,t
3.280,820,t
3.380,845,)
4.028,1007,(
4.080,1020,N
4.092,1023,N
4.132,1033,)
4.260,1065,(
4.328,1082,t
4.364,1091,t
4.452,1113,)
5.132,1283,(
5.192,1298,N
5.196,1299,N
5.240,1310,)
5.368,1342,(
5.424,1356,t
5.472,1368,t
5.556,1389,)
6.244,1561,(
6.300,1575,N
6.304,1576,N
6.344,1586,)
6.472,1618,(
6.544,1636,t
6.580,1645,t
6.668,1667,)
7.376,1844,(
7.428,1857,N
7.436,1859,N
7.476,1869,)
7.608,1902,(
7.656,1914,t
7.708,1927,t
7.796,1949,)
8.516,2129,(
8.568,2142,N
8.572,2143,N
8.616,2154,)
8.752,2188,(
8.808,2202,t
8.848,2212,t
8.940,2235,)
9.608,2402,(
9.660,2415,N
9.668,2417,N
9.712,2428,)
9.844,2461,(
9.916,2479,t
9.948,2487,t
10.032,2508,)
10.772,2693,(
10.832,2708,N
10.836,2709,N
10.868,2717,)
11.008,2752,(
11.084,2771,t
11.116,2779,t
11.204,2801,)
11.944,2986,(
12.004,3001,N
12.008,3002,N
12.048,3012,)
12.180,3045,(
12.256,3064,t
12.288,3072,t
12.348,3087,)
13.128,3282,(
13.184,3296,N
13.192,3298,N
13.232,3308,)
13.364,3341,(
13.436,3359,t
13.472,3368,t
13.540,3385,)
14.320,3580,(
14.380,3595,N
14.388,3597,N
14.428,3607,)
14.560,3640,(
14.636,3659,t
14.668,3667,t
14.760,3690,)
15.500,3875,(
15.560,3890,N
15.568,3892,N
15.608,3902,)
15.740,3935,(
15.820,3955,t
15.848,3962,t
15.912,3978,)
16.688,4172,(
16.744,4186,N
16.748,4187,N
16.784,4196,)
16.924,4231,(
17.000,4250,t
17.032,4258,t
17.096,4274,)
17.856,4464,(
17.916,4479,N
17.920,4480,N
17.960,4490,)
18.104,4526,(
18.160,4540,t
18.208,4552,t
18.300,4575,)
18.980,4745,(
19.044,4761,N
19.044,4761,N
19.080,4770,)
19.224,4806,(
19.296,4824,t
19.328,4832,t
19.392,4848,)
20.124,5031,(
20.176,5044,N
20.184,5046,N
20.224,5056,)
20.360,5090,(
20.432,5108,t
20.468,5117,t
20.524,5131,)
21.256,5314,(
21.316,5329,N
21.320,5330,N
21.364,5341,)
21.496,5374,(
21.564,5391,t
21.604,5401,t
21.692,5423,)
22.368,5592,(
22.424,5606,N
22.428,5607,N
22.472,5618,)
22.608,5652,(
22.684,5671,t
22.716,5679,t
22.784,5696,)
23.504,5876,(
23.568,5892,N
23.568,5892,N
23.604,5901,)
23.744,5936,(
23.820,5955,t
23.852,5963,t
23.912,5978,)
24.648,6162,(
24.700,6175,N
24.704,6176,N
24.744,6186,)
24.884,6221,(
24.940,6235,t
24.992,6248,t
25.080,6270,)
25.728,6432,(
25.784,6446,N
25.788,6447,N
25.832,6458,)
25.968,6492,(
26.044,6511,t
26.076,6519,t
26.140,6535,)
26.856,6714,(
26.912,6728,N
26.916,6729,N
26.956,6739,)
27.088,6772,(
27.168,6792,t
27.200,6800,t
27.288,6822,)
27.984,6996,(
28.044,7011,N
28.044,7011,N
28.084,7021,)
28.224,7056,(
28.288,7072,t
28.332,7083,t
28.424,7106,)
29.084,7271,(
29.144,7286,N
29.144,7286,N
29.180,7295,)
29.320,7330,(
29.408,7352,t
29.432,7358,t
29.528,7382,)
30.212,7553,(
30.276,7569,N
30.280,7570,N
30.316,7579,)
30.464,7616,(
30.528,7632,t
30.564,7641,t
30.628,7657,)
31.340,7835,(
31.404,7851,N
31.404,7851,N
31.448,7862,)
31.588,7897,(
31.648,7912,t
31.692,7923,t
31.780,7945,)
32.460,8115,(
32.520,8130,N
32.524,8131,N
32.556,8139,)
32.700,8175,(
32.784,8196,t
32.812,8203,t
32.904,8226,)
33.584,8396,(
33.644,8411,N
33.648,8412,N
33.680,8420,)
33.828,8457,(
33.900,8475,t
33.932,8483,t
33.992,8498,)
34.736,8684,(
34.796,8699,N
34.804,8701,N
34.844,8711,)
34.984,8746,(
35.052,8763,t
35.088,8772,t
35.176,8794,)
35.864,8966,(
35.916,8979,N
35.920,8980,N
35.968,8992,)
36.104,9026,(
36.172,9043,t
36.212,9053,t
36.308,9077,)
36.976,9244,(
37.032,9258,N
37.036,9259,N
37.076,9269,)
37.216,9304,(
37.292,9323,t
37.324,9331,t
37.380,9345,)
38.092,9523,(
38.152,9538,N
38.156,9539,N
38.188,9547,)
38.336,9584,(
38.404,9601,t
38.444,9611,t
38.500,9625,)
39.216,9804,(
39.268,9817,N
39.280,9820,N
39.320,9830,)
39.456,9864,(
39.512,9878,t
39.564,9891,t
39.656,9914,)
40.320,10080,(
40.380,10095,N
40.384,10096,N
40.416,10104,)
40.560,10140,(
40.640,10160,t
40.668,10167,t
40.732,10183,)
41.444,10361,(
41.504,10376,N
41.508,10377,N
41.540,10385,)
41.692,10423,(
41.760,10440,t
41.796,10449,t
41.856,10464,)
42.580,10645,(
42.636,10659,N
42.644,10661,N
42.688,10672,)
42.824,10706,(
42.880,10720,t
42.936,10734,t
43.028,10757,)
43.684,10921,(
43.744,10936,N
43.748,10937,N
43.784,10946,)
43.932,10983,(
44.008,11002,t
44.040,11010,t
44.100,11025,)
44.812,11203,(
44.872,11218,N
44.876,11219,N
44.916,11229,)
45.052,11263,(
45.124,11281,t
45.160,11290,t
45.220,11305,)
45.936,11484,(
45.996,11499,N
46.004,11501,N
46.032,11508,)
46.176,11544,(
46.240,11560,t
46.288,11572,t
46.380,11595,)
47.024,11756,(
47.080,11770,N
47.088,11772,N
47.120,11780,)
47.268,11817,(
47.340,11835,t
47.372,11843,t
47.432,11858,)
48.156,12039,(
48.216,12054,N
48.224,12056,N
48.252,12063,)
48.408,12102,(
48.476,12119,t
48.512,12128,t
48.568,12142,)
49.304,12326,(
49.364,12341,N
49.368,12342,N
49.412,12353,)
49.548,12387,(
49.608,12402,t
49.656,12414,t
49.748,12437,)
50.396,12599,(
50.448,12612,N
50.460,12615,N
50.500,12625,)
50.640,12660,(
50.716,12679,t
50.748,12687,t
50.804,12701,)
51.512,12878,(
51.568,12892,N
51.576,12894,N
51.620,12905,)
51.760,12940,(
51.832,12958,t
51.864,12966,t
51.952,12988,)
52.632,13158,(
52.692,13173,N
52.696,13174,N
52.728,13182,)
52.880,13220,(
52.936,13234,t
52.988,13247,t
53.080,13270,)
53.724,13431,(
53.776,13444,N
53.784,13446,N
53.816,13454,)
54.196,13549,(
54.252,13563,N
54.260,13565,N
54.292,13573,)
54.432,13608,(
54.500,13625,t
54.500,13625,t
54.580,13645,)
55.860,13965,(
55.916,13979,N
55.928,13982,N
55.956,13989,)
56.944,14236,(
56.996,14249,N
57.008,14252,N
57.048,14262,)
57.172,14293,(
57.260,14315,t
57.292,14323,t
57.352,14338,)
58.024,14506,(
58.076,14519,N
58.084,14521,N
58.124,14531,)
58.260,14565,(
58.336,14584,t
58.372,14593,t
58.460,14615,)
59.108,14777,(
59.168,14792,N
59.172,14793,N
59.204,14801,)
59.344,14836,(
59.412,14853,t
59.460,14865,t
59.552,14888,)
60.192,15048,(
60.248,15062,N
60.256,15064,N
60.296,15074,)
60.440,15110,(
60.508,15127,t
60.544,15136,t
60.636,15159,)
61.312,15328,(
61.364,15341,N
61.372,15343,N
61.416,15354,)
61.556,15389,(
61.620,15405,t
61.660,15415,t
61.748,15437,)
62.440,15610,(
62.496,15624,N
62.508,15627,N
62.548,15637,)
62.676,15669,(
62.740,15685,t
62.792,15698,t
62.888,15722,)
63.544,15886,(
63.596,15899,N
63.608,15902,N
63.648,15912,)
63.788,15947,(
63.860,15965,t
63.896,15974,t
63.984,15996,)
64.688,16172,(
64.744,16186,N
64.756,16189,N
64.784,16196,)
64.940,16235,(
65.000,16250,t
65.044,16261,t
65.132,16283,)
65.776,16444,(
65.832,16458,N
65.840,16460,N
65.880,16470,)
66.024,16506,(
66.104,16526,t
66.132,16533,t
66.192,16548,)
66.884,16721,(
66.940,16735,N
66.944,16736,N
66.980,16745,)
67.124,16781,(
67.196,16799,t
67.232,16808,t
67.320,16830,)
68.000,17000,(
68.060,17015,N
68.068,17017,N
68.096,17024,)
68.240,17060,(
68.308,17077,t
68.352,17088,t
68.428,17107,)
69.100,17275,(
69.160,17290,N
69.160,17290,N
69.204,17301,)
69.340,17335,(
69.420,17355,t
69.452,17363,t
69.516,17379,)
70.232,17558,(
70.284,17571,N
70.296,17574,N
70.336,17584,)
70.480,17620,(
70.544,17636,t
70.584,17646,t
70.640,17660,)
71.368,17842,(
71.424,17856,N
71.428,17857,N
71.468,17867,)
71.616,17904,(
71.672,17918,t
71.720,17930,t
71.812,17953,)
72.476,18119,(
72.532,18133,N
72.536,18134,N
72.576,18144,)
72.720,18180,(
72.796,18199,t
72.828,18207,t
72.892,18223,)
73.628,18407,(
73.684,18421,N
73.692,18423,N
73.736,18434,)
73.876,18469,(
73.948,18487,t
73.984,18496,t
74.072,18518,)
74.764,18691,(
74.824,18706,N
74.828,18707,N
74.872,18718,)
75.004,18751,(
75.072,18768,t
75.120,18780,t
75.216,18804,)
75.876,18969,(
75.932,18983,N
75.940,18985,N
75.968,18992,)
76.120,19030,(
76.188,19047,t
76.232,19058,t
76.292,19073,)
77.004,19251,(
77.060,19265,N
77.060,19265,N
77.096,19274,)
77.252,19313,(
77.316,19329,t
77.356,19339,t
77.416,19354,)
78.128,19532,(
78.180,19545,N
78.184,19546,N
78.228,19557,)
78.368,19592,(
78.420,19605,t
78.476,19619,t
78.572,19643,)
79.200,19800,(
79.260,19815,N
79.264,19816,N
79.304,19826,)
79.452,19863,(
79.512,19878,t
79.552,19888,t
79.612,19903,)
80.304,20076,(
80.364,20091,N
80.372,20093,N
80.412,20103,)
80.556,20139,(
80.624,20156,t
80.664,20166,t
80.716,20179,)
81.432,20358,(
81.480,20370,N
81.488,20372,N
81.528,20382,)
81.668,20417,(
81.728,20432,t
81.780,20445,t
81.876,20469,)
82.516,20629,(
82.576,20644,N
82.584,20646,N
82.624,20656,)
82.764,20691,(
82.832,20708,t
82.876,20719,t
82.928,20732,)
83.640,20910,(
83.700,20925,N
83.704,20926,N
83.748,20937,)
83.892,20973,(
83.956,20989,t
84.000,21000,t
84.052,21013,)
84.764,21191,(
84.824,21206,N
84.824,21206,N
84.868,21217,)
85.004,21251,(
85.068,21267,t
85.124,21281,t
85.216,21304,)
85.860,21465,(
85.920,21480,N
85.928,21482,N
85.968,21492,)
86.112,21528,(
86.180,21545,t
86.220,21555,t
86.280,21570,)
86.980,21745,(
87.036,21759,N
87.040,21760,N
87.084,21771,)
87.232,21808,(
87.292,21823,t
87.336,21834,t
87.420,21855,)
88.092,22023,(
88.144,22036,N
88.152,22038,N
88.196,22049,)
88.340,22085,(
88.388,22097,t
88.444,22111,t
88.544,22136,)
89.164,22291,(
89.224,22306,N
89.232,22308,N
89.272,22318,)
89.412,22353,(
89.484,22371,t
89.520,22380,t
89.612,22403,)
90.268,22567,(
90.324,22581,N
90.324,22581,N
90.360,22590,)
90.508,22627,(
90.572,22643,t
90.616,22654,t
90.708,22677,)
91.352,22838,(
91.412,22853,N
91.412,22853,N
91.452,22863,)
91.600,22900,(
91.648,22912,t
91.708,22927,t
91.800,22950,)
92.428,23107,(
92.480,23120,N
92.484,23121,N
92.516,23129,)
92.672,23168,(
92.732,23183,t
92.776,23194,t
92.864,23216,)
93.512,23378,(
93.572,23393,N
93.576,23394,N
93.620,23405,)
93.764,23441,(
93.828,23457,t
93.868,23467,t
93.956,23489,)
94.604,23651,(
94.660,23665,N
94.668,23667,N
94.712,23678,)
94.860,23715,(
94.908,23727,t
94.964,23741,t
95.056,23764,)
95.680,23920,(
95.740,23935,N
95.748,23937,N
95.788,23947,)
95.928,23982,(
95.996,23999,t
96.040,24010,t
96.096,24024,)
96.792,24198,(
96.848,24212,N
96.856,24214,N
96.900,24225,)
97.040,24260,(
97.108,24277,t
97.148,24287,t
97.208,24302,)
97.912,24478,(
97.972,24493,N
97.972,24493,N
98.016,24504,)
98.160,24540,(
98.220,24555,t
98.272,24568,t
98.364,24591,)
99.004,24751,(
99.060,24765,N
99.068,24767,N
99.108,24777,)
99.252,24813,(
99.324,24831,t
99.364,24841,t
99.416,24854,)
100.116,25029,(
100.176,25044,N
100.184,25046,N
100.224,25056,)
100.368,25092,(
100.440,25110,t
100.476,25119,t
100.532,25133,)
101.216,25304,(
101.268,25317,N
101.280,25320,N
101.320,25330,)
101.460,25365,(
101.516,25379,t
101.572,25393,t
101.664,25416,)
102.288,25572,(
102.348,25587,N
102.352,25588,N
102.396,25599,)
102.772,25693,(
102.824,25706,N
102.832,25708,N
102.860,25715,)
103.008,25752,(
103.080,25770,t
103.080,25770,t
103.156,25789,)
104.400,26100,(
104.448,26112,N
104.456,26114,N
104.500,26125,)
105.468,26367,(
105.520,26380,N
105.528,26382,N
105.568,26392,)
105.700,26425,(
105.784,26446,t
105.820,26455,t
105.916,26479,)
106.560,26640,(
106.620,26655,N
106.624,26656,N
106.668,26667,)
106.804,26701,(
106.884,26721,t
106.920,26730,t
107.020,26755,)
107.604,26901,(
107.660,26915,N
107.664,26916,N
107.708,26927,)
107.840,26960,(
107.924,26981,t
107.956,26989,t
108.024,27006,)
108.616,27154,(
108.672,27168,N
108.676,27169,N
108.720,27180,)
108.864,27216,(
108.936,27234,t
108.968,27242,t
109.040,27260,)
109.688,27422,(
109.740,27435,N
109.748,27437,N
109.788,27447,)
109.936,27484,(
109.992,27498,t
110.040,27510,t
110.128,27532,)
110.748,27687,(
110.800,27700,N
110.808,27702,N
110.836,27709,)
110.992,27748,(
111.068,27767,t
111.100,27775,t
111.192,27798,)
111.868,27967,(
111.916,27979,N
111.920,27980,N
111.956,27989,)
112.108,28027,(
112.176,28044,t
112.212,28053,t
112.276,28069,)
113.004,28251,(
113.068,28267,N
113.068,28267,N
113.104,28276,)
113.260,28315,(
113.320,28330,t
113.364,28341,t
113.420,28355,)
114.140,28535,(
114.200,28550,N
114.208,28552,N
114.248,28562,)
114.392,28598,(
114.464,28616,t
114.500,28625,t
114.564,28641,)
115.320,28830,(
115.380,28845,N
115.380,28845,N
115.416,28854,)
115.568,28892,(
115.640,28910,t
115.676,28919,t
115.736,28934,)
116.500,29125,(
116.552,29138,N
116.560,29140,N
116.600,29150,)
116.740,29185,(
116.828,29207,t
116.856,29214,t
116.912,29228,)
117.684,29421,(
117.740,29435,N
117.748,29437,N
117.792,29448,)
117.936,29484,(
118.004,29501,t
118.044,29511,t
118.136,29534,)
118.832,29708,(
118.888,29722,N
118.896,29724,N
118.936,29734,)
119.084,29771,(
119.160,29790,t
119.192,29798,t
119.288,29822,)
119.952,29988,(
120.012,30003,N
120.016,30004,N
120.056,30014,)
120.200,30050,(
120.280,30070,t
120.308,30077,t
120.368,30092,)
121.116,30279,(
121.168,30292,N
121.176,30294,N
121.220,30305,)
121.368,30342,(
121.436,30359,t
121.476,30369,t
121.536,30384,)
122.284,30571,(
122.340,30585,N
122.348,30587,N
122.388,30597,)
122.528,30632,(
122.608,30652,t
122.644,30661,t
122.740,30685,)
123.436,30859,(
123.496,30874,N
123.508,30877,N
123.532,30883,)
123.688,30922,(
123.764,30941,t
123.796,30949,t
123.856,30964,)
124.624,31156,(
124.676,31169,N
124.684,31171,N
124.712,31178,)
124.852,31213,(
124.896,31224,t
124.940,31235,)
125.156,31289,(
125.204,31301,N
125.260,31315,N
125.300,31325,)
126.820,31705,(
126.872,31718,N
126.876,31719,N
126.912,31728,)
127.392,31848,(
127.440,31860,N
127.496,31874,N
127.536,31884,)
129.048,32262,(
129.096,32274,N
129.104,32276,N
129.136,32284,)
130.144,32536,(
130.200,32550,N
130.208,32552,N
130.248,32562,)
130.392,32598,(
130.480,32620,t
130.504,32626,t
130.564,32641,)
131.240,32810,(
131.292,32823,N
131.304,32826,N
131.344,32836,)
131.480,32870,(
131.564,32891,t
131.596,32899,t
131.688,32922,)
132.336,33084,(
132.396,33099,N
132.404,33101,N
132.432,33108,)
132.584,33146,(
132.656,33164,t
132.696,33174,t
132.760,33190,)
133.456,33364,(
133.512,33378,N
133.520,33380,N
133.560,33390,)
133.696,33424,(
133.760,33440,t
133.812,33453,t
133.904,33476,)
134.536,33634,(
134.596,33649,N
134.600,33650,N
134.636,33659,)
134.788,33697,(
134.860,33715,t
134.896,33724,t
134.960,33740,)
135.672,33918,(
135.724,33931,N
135.724,33931,N
135.764,33941,)
135.916,33979,(
135.980,33995,t
136.020,34005,t
136.108,34027,)
136.836,34209,(
136.888,34222,N
136.896,34224,N
136.940,34235,)
137.088,34272,(
137.152,34288,t
137.192,34298,t
137.280,34320,)
138.020,34505,(
138.068,34517,N
138.076,34519,N
138.116,34529,)
138.268,34567,(
138.324,34581,t
138.372,34593,t
138.464,34616,)
139.160,34790,(
139.220,34805,N
139.224,34806,N
139.264,34816,)
139.412,34853,(
139.492,34873,t
139.524,34881,t
139.588,34897,)
140.336,35084,(
140.396,35099,N
140.396,35099,N
140.432,35108,)
140.588,35147,(
140.660,35165,t
140.696,35174,t
140.752,35188,)
141.504,35376,(
141.568,35392,N
141.568,35392,N
141.604,35401,)
141.752,35438,(
141.828,35457,t
141.868,35467,t
141.936,35484,)
142.648,35662,(
142.700,35675,N
142.708,35677,N
142.748,35687,)
142.888,35722,(
142.968,35742,t
143.004,35751,t
143.060,35765,)
143.828,35957,(
143.880,35970,N
143.888,35972,N
143.928,35982,)
144.076,36019,(
144.148,36037,t
144.184,36046,t
144.276,36069,)
144.996,36249,(
145.060,36265,N
145.060,36265,N
145.096,36274,)
145.244,36311,(
145.316,36329,t
145.360,36340,t
145.452,36363,)
146.148,36537,(
146.200,36550,N
146.204,36551,N
146.248,36562,)
146.384,36596,(
146.472,36618,t
146.504,36626,t
146.600,36650,)
147.304,36826,(
147.364,36841,N
147.364,36841,N
147.400,36850,)
147.552,36888,(
147.628,36907,t
147.664,36916,t
147.720,36930,)
148.468,37117,(
148.520,37130,N
148.520,37130,N
148.564,37141,)
148.712,37178,(
148.784,37196,t
148.820,37205,t
148.880,37220,)
149.608,37402,(
149.668,37417,N
149.672,37418,N
149.716,37429,)
149.864,37466,(
149.920,37480,t
149.972,37493,t
150.064,37516,)
150.744,37686,(
150.800,37700,N
150.804,37701,N
150.840,37710,)
150.988,37747,(
151.064,37766,t
151.100,37775,t
151.192,37798,)
151.884,37971,(
151.948,37987,N
151.948,37987,N
151.992,37998,)
152.140,38035,(
152.204,38051,t
152.248,38062,t
152.304,38076,)
153.012,38253,(
153.068,38267,N
153.072,38268,N
153.116,38279,)
153.260,38315,(
153.340,38335,t
153.372,38343,t
153.472,38368,)
154.104,38526,(
154.160,38540,N
154.160,38540,N
154.196,38549,)
154.344,38586,(
154.428,38607,t
154.464,38616,t
154.516,38629,)
155.224,38806,(
155.284,38821,N
155.288,38822,N
155.328,38832,)
155.484,38871,(
155.548,38887,t
155.588,38897,t
155.644,38911,)
156.360,39090,(
156.424,39106,N
156.428,39107,N
156.464,39116,)
156.616,39154,(
156.680,39170,t
156.724,39181,t
156.816,39204,)
157.492,39373,(
157.552,39388,N
157.552,39388,N
157.596,39399,)
157.736,39434,(
157.820,39455,t
157.852,39463,t
157.956,39489,)
158.600,39650,(
158.660,39665,N
158.664,39666,N
158.696,39674,)
158.848,39712,(
158.920,39730,t
158.960,39740,t
159.016,39754,)
159.736,39934,(
159.792,39948,N
159.800,39950,N
159.840,39960,)
159.984,39996,(
160.060,40015,t
160.096,40024,t
160.156,40039,)
160.876,40219,(
160.932,40233,N
160.944,40236,N
160.984,40246,)
161.124,40281,(
161.196,40299,t
161.240,40310,t
161.336,40334,)
161.996,40499,(
162.052,40513,N
162.052,40513,N
162.088,40522,)
162.236,40559,(
162.316,40579,t
162.352,40588,t
162.444,40611,)
163.116,40779,(
163.176,40794,N
163.180,40795,N
163.212,40803,)
163.364,40841,(
163.444,40861,t
163.476,40869,t
163.536,40884,)
164.256,41064,(
164.316,41079,N
164.320,41080,N
164.360,41090,)
164.508,41127,(
164.572,41143,t
164.620,41155,t
164.712,41178,)
165.396,41349,(
165.456,41364,N
165.460,41365,N
165.496,41374,)
165.648,41412,(
165.716,41429,t
165.760,41440,t
165.816,41454,)
166.560,41640,(
166.620,41655,N
166.624,41656,N
166.656,41664,)
166.816,41704,(
166.884,41721,t
166.924,41731,t
167.016,41754,)
167.704,41926,(
167.752,41938,N
167.760,41940,N
167.804,41951,)
167.944,41986,(
168.016,42004,t
168.056,42014,t
168.152,42038,)
168.808,42202,(
168.864,42216,N
168.872,42218,N
168.912,42228,)
169.052,42263,(
169.128,42282,t
169.168,42292,t
169.220,42305,)
169.944,42486,(
169.996,42499,N
170.008,42502,N
170.048,42512,)
170.188,42547,(
170.256,42564,t
170.300,42575,t
170.356,42589,)
171.084,42771,(
171.136,42784,N
171.144,42786,N
171.188,42797,)
171.328,42832,(
171.392,42848,t
171.440,42860,t
171.540,42885,)
172.192,43048,(
172.252,43063,N
172.256,43064,N
172.296,43074,)
172.432,43108,(
172.520,43130,t
172.552,43138,t
172.616,43154,)
173.324,43331,(
173.380,43345,N
173.388,43347,N
173.428,43357,)
173.568,43392,(
173.644,43411,t
173.684,43421,t
173.772,43443,)
174.460,43615,(
174.520,43630,N
174.528,43632,N
174.556,43639,)
174.708,43677,(
174.776,43694,t
174.820,43705,t
174.916,43729,)
175.572,43893,(
175.628,43907,N
175.636,43909,N
175.680,43920,)
175.812,43953,(
175.900,43975,t
175.932,43983,t
176.000,44000,)
176.696,44174,(
176.752,44188,N
176.760,44190,N
176.792,44198,)
176.952,44238,(
177.000,44250,t
177.012,44253,)
177.272,44318,(
177.324,44331,N
177.332,44333,N
177.364,44341,)
177.488,44372,(
177.592,44398,t
177.608,44402,t
177.664,44416,)
178.560,44640,(
178.612,44653,N
178.624,44656,N
178.664,44666,)
179.676,44919,(
179.732,44933,N
179.740,44935,N
179.780,44945,)
179.912,44978,(
180.000,45000,t
180.032,45008,t
180.096,45024,)
180.804,45201,(
180.864,45216,N
180.868,45217,N
180.900,45225,)
181.052,45263,(
181.124,45281,t
181.164,45291,t
181.224,45306,)
181.928,45482,(
181.980,45495,N
181.984,45496,N
182.028,45507,)
182.168,45542,(
182.236,45559,t
182.280,45570,t
182.380,45595,)
182.988,45747,(
183.044,45761,N
183.052,45763,N
183.092,45773,)
183.236,45809,(
183.304,45826,t
183.344,45836,t
183.432,45858,)
184.116,46029,(
184.168,46042,N
184.180,46045,N
184.220,46055,)
184.368,46092,(
184.436,46109,t
184.476,46119,t
184.564,46141,)
185.248,46312,(
185.304,46326,N
185.312,46328,N
185.352,46338,)
185.496,46374,(
185.564,46391,t
185.608,46402,t
185.704,46426,)
186.360,46590,(
186.416,46604,N
186.424,46606,N
186.456,46614,)
186.608,46652,(
186.684,46671,t
186.720,46680,t
186.812,46703,)
187.516,46879,(
187.568,46892,N
187.576,46894,N
187.604,46901,)
187.760,46940,(
187.828,46957,t
187.868,46967,t
187.932,46983,)
188.648,47162,(
188.708,47177,N
188.712,47178,N
188.756,47189,)
188.896,47224,(
188.952,47238,t
189.008,47252,t
189.100,47275,)
189.740,47435,(
189.792,47448,N
189.804,47451,N
189.844,47461,)
189.988,47497,(
190.064,47516,t
190.096,47524,t
190.164,47541,)
190.864,47716,(
190.916,47729,N
190.928,47732,N
190.968,47742,)
191.112,47778,(
191.188,47797,t
191.220,47805,t
191.280,47820,)
191.996,47999,(
192.052,48013,N
192.060,48015,N
192.100,48025,)
192.252,48063,(
192.308,48077,t
192.356,48089,t
192.452,48113,)
193.084,48271,(
193.136,48284,N
193.144,48286,N
193.188,48297,)
193.324,48331,(
193.404,48351,t
193.440,48360,t
193.512,48378,)
194.188,48547,(
194.244,48561,N
194.256,48564,N
194.296,48574,)
194.440,48610,(
194.512,48628,t
194.552,48638,t
194.612,48653,)
195.312,48828,(
195.364,48841,N
195.372,48843,N
195.416,48854,)
195.556,48889,(
195.628,48907,t
195.668,48917,t
195.764,48941,)
196.388,49097,(
196.448,49112,N
196.452,49113,N
196.488,49122,)
196.868,49217,(
196.916,49229,N
196.928,49232,N
196.960,49240,)
197.108,49277,(
197.176,49294,t
197.176,49294,t
197.252,49313,)
198.524,49631,(
198.576,49644,N
198.576,49644,N
198.612,49653,)
198.748,49687,(
198.832,49708,t
198.888,49722,t
198.944,49736,)
199.628,49907,(
199.684,49921,N
199.692,49923,N
199.720,49930,)
199.868,49967,(
199.948,49987,t
199.988,49997,t
200.088,50022,)
200.696,50174,(
200.748,50187,N
200.756,50189,N
200.796,50199,)
200.936,50234,(
201.024,50256,t
201.048,50262,t
201.112,50278,)
201.784,50446,(
201.840,50460,N
201.848,50462,N
201.876,50469,)
202.028,50507,(
202.096,50524,t
202.140,50535,t
202.232,50558,)
202.864,50716,(
202.916,50729,N
202.928,50732,N
202.968,50742,)
203.100,50775,(
203.172,50793,t
203.220,50805,t
203.320,50830,)
203.920,50980,(
203.980,50995,N
203.984,50996,N
204.020,51005,)
204.172,51043,(
204.244,51061,t
204.280,51070,t
204.340,51085,)
205.032,51258,(
205.088,51272,N
205.092,51273,N
205.128,51282,)
205.284,51321,(
205.356,51339,t
205.392,51348,t
205.484,51371,)
206.152,51538,(
206.208,51552,N
206.216,51554,N
206.256,51564,)
206.408,51602,(
206.460,51615,t
206.512,51628,t
206.608,51652,)
207.264,51816,(
207.324,51831,N
207.324,51831,N
207.360,51840,)
207.508,51877,(
207.584,51896,t
207.624,51906,t
207.680,51920,)
208.408,52102,(
208.464,52116,N
208.472,52118,N
208.504,52126,)
208.660,52165,(
208.728,52182,t
208.768,52192,t
208.856,52214,)
209.580,52395,(
209.628,52407,N
209.632,52408,N
209.668,52417,)
209.824,52456,(
209.876,52469,t
209.932,52483,t
210.032,52508,)
210.696,52674,(
210.752,52688,N
210.760,52690,N
210.800,52700,)
210.944,52736,(
211.020,52755,t
211.056,52764,t
211.116,52779,)
211.864,52966,(
211.916,52979,N
211.924,52981,N
211.956,52989,)
212.112,53028,(
212.180,53045,t
212.220,53055,t
212.312,53078,)
213.000,53250,(
213.052,53263,N
213.052,53263,N
213.088,53272,)
213.240,53310,(
213.300,53325,t
213.352,53338,t
213.444,53361,)
214.100,53525,(
214.152,53538,N
214.156,53539,N
214.188,53547,)
214.340,53585,(
214.416,53604,t
214.452,53613,t
214.512,53628,)
215.224,53806,(
215.276,53819,N
215.280,53820,N
215.312,53828,)
215.472,53868,(
215.532,53883,t
215.580,53895,t
215.668,53917,)
216.316,54079,(
216.372,54093,N
216.380,54095,N
216.420,54105,)
216.564,54141,(
216.644,54161,t
216.680,54170,t
216.740,54185,)
217.452,54363,(
217.512,54378,N
217.516,54379,N
217.556,54389,)
217.708,54427,(
217.776,54444,t
217.816,54454,t
217.908,54477,)
218.608,54652,(
218.668,54667,N
218.672,54668,N
218.704,54676,)
218.864,54716,(
218.924,54731,t
218.972,54743,t
219.060,54765,)
219.768,54942,(
219.824,54956,N
219.832,54958,N
219.876,54969,)
220.016,55004,(
220.092,55023,t
220.132,55033,t
220.196,55049,)
220.924,55231,(
220.980,55245,N
220.988,55247,N
221.028,55257,)
221.176,55294,(
221.252,55313,t
221.288,55322,t
221.344,55336,)
222.068,55517,(
222.128,55532,N
222.132,55533,N
222.168,55542,)
222.320,55580,(
222.388,55597,t
222.432,55608,t
222.528,55632,)
223.168,55792,(
223.232,55808,N
223.232,55808,N
223.268,55817,)
223.416,55854,(
223.496,55874,t
223.532,55883,t
223.592,55898,)
224.308,56077,(
224.364,56091,N
224.372,56093,N
224.412,56103,)
224.560,56140,(
224.628,56157,t
224.668,56167,t
224.732,56183,)
225.452,56363,(
225.504,56376,N
225.508,56377,N
225.540,56385,)
225.696,56424,(
225.756,56439,t
225.808,56452,t
225.864,56466,)
226.536,56634,(
226.592,56648,N
226.600,56650,N
226.640,56660,)
226.784,56696,(
226.860,56715,t
226.900,56725,t
226.952,56738,)
227.656,56914,(
227.716,56929,N
227.720,56930,N
227.752,56938,)
227.912,56978,(
227.984,56996,t
228.020,57005,t
228.076,57019,)
228.784,57196,(
228.840,57210,N
228.848,57212,N
228.892,57223,)
229.044,57261,(
229.100,57275,t
229.148,57287,t
229.244,57311,)
229.868,57467,(
229.924,57481,N
229.932,57483,N
229.976,57494,)
230.116,57529,(
230.192,57548,t
230.228,57557,t
230.284,57571,)
230.992,57748,(
231.052,57763,N
231.056,57764,N
231.088,57772,)
231.236,57809,(
231.312,57828,t
231.352,57838,t
231.408,57852,)
232.108,58027,(
232.164,58041,N
232.168,58042,N
232.208,58052,)
232.356,58089,(
232.432,58108,t
232.468,58117,t
232.568,58142,)
233.200,58300,(
233.260,58315,N
233.264,58316,N
233.300,58325,)
233.452,58363,(
233.532,58383,t
233.564,58391,t
233.616,58404,)
234.336,58584,(
234.396,58599,N
234.400,58600,N
234.432,58608,)
234.588,58647,(
234.652,58663,t
234.700,58675,t
234.792,58698,)
235.436,58859,(
235.488,58872,N
235.496,58874,N
235.536,58884,)
236.532,59133,(
236.588,59147,N
236.600,59150,N
236.640,59160,)
236.784,59196,(
236.856,59214,t
236.892,59223,t
236.980,59245,)
237.656,59414,(
237.716,59429,N
237.720,59430,N
237.752,59438,)
237.904,59476,(
237.976,59494,t
238.016,59504,t
238.108,59527,)
238.768,59692,(
238.824,59706,N
238.832,59708,N
238.872,59718,)
239.016,59754,(
239.100,59775,t
239.132,59783,t
239.228,59807,)
239.892,59973,(
239.948,59987,N
239.956,59989,N
239.988,59997,)
240.140,60035,(
240.216,60054,t
240.252,60063,t
240.312,60078,)
241.020,60255,(
241.072,60268,N
241.076,60269,N
241.112,60278,)
241.260,60315,(
241.336,60334,t
241.376,60344,t
241.468,60367,)
242.112,60528,(
242.168,60542,N
242.176,60544,N
242.216,60554,)
242.356,60589,(
242.444,60611,t
242.476,60619,t
242.572,60643,)
243.232,60808,(
243.284,60821,N
243.296,60824,N
243.336,60834,)
243.484,60871,(
243.556,60889,t
243.592,60898,t
243.652,60913,)
244.360,61090,(
244.416,61104,N
244.428,61107,N
244.468,61117,)
244.612,61153,(
244.676,61169,t
244.720,61180,t
244.812,61203,)
245.484,61371,(
245.536,61384,N
245.536,61384,N
245.572,61393,)
245.744,61436,(
245.840,61460,t
245.928,61482,)
246.544,61636,(
246.596,61649,N
246.608,61652,N
246.648,61662,)
246.788,61697,(
246.868,61717,t
246.900,61725,t
246.960,61740,)
247.612,61903,(
247.668,61917,N
247.676,61919,N
247.720,61930,)
247.856,61964,(
247.940,61985,t
247.972,61993,t
248.068,62017,)
248.672,62168,(
248.732,62183,N
248.736,62184,N
248.768,62192,)
248.916,62229,(
249.000,62250,t
249.032,62258,t
249.104,62276,)
249.756,62439,(
249.824,62456,N
249.836,62459,N
249.876,62469,)
250.032,62508,(
250.084,62521,t
250.128,62532,t
250.184,62546,)
250.848,62712,(
250.904,62726,N
250.912,62728,N
250.952,62738,)
251.088,62772,(
251.184,62796,t
251.208,62802,t
251.268,62817,)
251.952,62988,(
252.004,63001,N
252.012,63003,N
252.056,63014,)
252.432,63108,(
252.480,63120,N
252.488,63122,N
252.520,63130,)
252.668,63167,(
252.740,63185,t
252.744,63186,t
252.812,63203,)
254.080,63520,(
254.136,63534,N
254.144,63536,N
254.188,63547,)
255.176,63794,(
255.232,63808,N
255.240,63810,N
255.280,63820,)
255.412,63853,(
255.504,63876,t
255.536,63884,t
255.632,63908,)
256.312,64078,(
256.364,64091,N
256.368,64092,N
256.400,64100,)
256.548,64137,(
256.632,64158,t
256.664,64166,t
256.728,64182,)
257.444,64361,(
257.500,64375,N
257.508,64377,N
257.548,64387,)
257.688,64422,(
257.760,64440,t
257.804,64451,t
257.868,64467,)
258.368,64592,(
258.424,64606,N
258.428,64607,N
258.472,64618,)
258.600,64650,(
258.684,64671,t
258.720,64680,t
258.812,64703,)
259.732,64933,(
259.784,64946,N
259.788,64947,N
259.832,64958,)
259.976,64994,(
260.048,65012,t
260.088,65022,t
260.156,65039,)
260.900,65225,(
260.948,65237,N
260.960,65240,N
261.000,65250,)
261.136,65284,(
261.216,65304,t
261.252,65313,t
261.348,65337,)
262.060,65515,(
262.112,65528,N
262.120,65530,N
262.152,65538,)
262.308,65577,(
262.360,65590,t
262.420,65605,t
262.512,65628,)
263.196,65799,(
263.252,65813,N
263.264,65816,N
263.304,65826,)
263.452,65863,(
263.524,65881,t
263.560,65890,t
263.652,65913,)
264.364,66091,(
264.424,66106,N
264.432,66108,N
264.464,66116,)
264.616,66154,(
264.692,66173,t
264.728,66182,t
264.784,66196,)
265.544,66386,(
265.596,66399,N
265.608,66402,N
265.648,66412,)
265.792,66448,(
265.860,66465,t
265.908,66477,t
266.000,66500,)
266.700,66675,(
266.752,66688,N
266.756,66689,N
266.796,66699,)
266.936,66734,(
267.032,66758,t
267.056,66764,t
267.152,66788,)
267.860,66965,(
267.916,66979,N
267.924,66981,N
267.956,66989,)
268.108,67027,(
268.184,67046,t
268.220,67055,t
268.276,67069,)
269.036,67259,(
269.088,67272,N
269.096,67274,N
269.128,67282,)
269.276,67319,(
269.356,67339,t
269.392,67348,t
269.484,67371,)
270.212,67553,(
270.260,67565,N
270.264,67566,N
270.300,67575,)
270.452,67613,(
270.520,67630,t
270.564,67641,t
270.660,67665,)
271.340,67835,(
271.404,67851,N
271.404,67851,N
271.440,67860,)
271.584,67896,(
271.680,67920,t
271.704,67926,t
271.760,67940,)
272.492,68123,(
272.544,68136,N
272.552,68138,N
272.592,68148,)
272.740,68185,(
272.812,68203,t
272.848,68212,t
272.944,68236,)
273.644,68411,(
273.700,68425,N
273.708,68427,N
273.752,68438,)
273.896,68474,(
273.968,68492,t
274.008,68502,t
274.100,68525,)
274.796,68699,(
274.856,68714,N
274.860,68715,N
274.892,68723,)
275.044,68761,(
275.112,68778,t
275.160,68790,t
275.260,68815,)
275.928,68982,(
275.980,68995,N
275.988,68997,N
276.032,69008,)
276.180,69045,(
276.252,69063,t
276.292,69073,t
276.380,69095,)
277.084,69271,(
277.136,69284,N
277.144,69286,N
277.188,69297,)
277.336,69334,(
277.408,69352,t
277.448,69362,t
277.540,69385,)
278.244,69561,(
278.300,69575,N
278.308,69577,N
278.352,69588,)
278.492,69623,(
278.568,69642,t
278.608,69652,t
278.668,69667,)
279.424,69856,(
279.480,69870,N
279.484,69871,N
279.520,69880,)
279.660,69915,(
279.740,69935,t
279.784,69946,t
279.884,69971,)
280.552,70138,(
280.612,70153,N
280.616,70154,N
280.648,70162,)
280.800,70200,(
280.880,70220,t
280.920,70230,t
280.972,70243,)
281.708,70427,(
281.768,70442,N
281.772,70443,N
281.808,70452,)
281.960,70490,(
282.036,70509,t
282.072,70518,t
282.128,70532,)
282.876,70719,(
282.932,70733,N
282.936,70734,N
282.976,70744,)
283.120,70780,(
283.188,70797,t
283.236,70809,t
283.332,70833,)
284.012,71003,(
284.068,71017,N
284.068,71017,N
284.108,71027,)
284.244,71061,(
284.344,71086,t
284.372,71093,t
284.432,71108,)
285.140,71285,(
285.192,71298,N
285.200,71300,N
285.240,71310,)
285.384,71346,(
285.456,71364,t
285.500,71375,t
285.592,71398,)
286.280,71570,(
286.332,71583,N
286.336,71584,N
286.380,71595,)
286.528,71632,(
286.584,71646,t
286.640,71660,t
286.736,71684,)
287.388,71847,(
287.444,71861,N
287.448,71862,N
287.488,71872,)
288.496,72124,(
288.560,72140,N
288.560,72140,N
288.596,72149,)
288.748,72187,(
288.824,72206,t
288.860,72215,t
288.952,72238,)
289.620,72405,(
289.684,72421,N
289.684,72421,N
289.720,72430,)
289.872,72468,(
289.944,72486,t
289.984,72496,t
290.076,72519,)
290.748,72687,(
290.808,72702,N
290.812,72703,N
290.844,72711,)
290.996,72749,(
291.072,72768,t
291.112,72778,t
291.172,72793,)
291.888,72972,(
291.944,72986,N
291.948,72987,N
291.992,72998,)
292.128,73032,(
292.216,73054,t
292.252,73063,t
292.348,73087,)
293.020,73255,(
293.080,73270,N
293.084,73271,N
293.120,73280,)
293.268,73317,(
293.348,73337,t
293.384,73346,t
293.444,73361,)
294.168,73542,(
294.228,73557,N
294.232,73558,N
294.272,73568,)
294.412,73603,(
294.496,73624,t
294.528,73632,t
294.584,73646,)
295.308,73827,(
295.372,73843,N
295.372,73843,N
295.408,73852,)
295.560,73890,(
295.632,73908,t
295.676,73919,t
295.768,73942,)
296.448,74112,(
296.504,74126,N
296.504,74126,N
296.544,74136,)
297.564,74391,(
297.620,74405,N
297.632,74408,N
297.672,74418,)
297.816,74454,(
297.896,74474,t
297.932,74483,t
297.988,74497,)
298.716,74679,(
298.768,74692,N
298.776,74694,N
298.804,74701,)
298.960,74740,(
299.036,74759,t
299.076,74769,t
299.132,74783,)
299.856,74964,(
299.916,74979,N
299.924,74981,N
299.968,74992,)
300.096,75024,(
300.180,75045,t
300.224,75056,t
300.316,75079,)
300.988,75247,(
301.044,75261,N
301.052,75263,N
301.092,75273,)
301.228,75307,(
301.316,75329,t
301.352,75338,t
301.448,75362,)
302.128,75532,(
302.184,75546,N
302.188,75547,N
302.232,75558,)
302.372,75593,(
302.456,75614,t
302.488,75622,t
302.544,75636,)
303.272,75818,(
303.332,75833,N
303.336,75834,N
303.368,75842,)
303.512,75878,(
303.588,75897,t
303.636,75909,t
303.728,75932,)
304.392,76098,(
304.448,76112,N
304.456,76114,N
304.500,76125,)
304.636,76159,(
304.720,76180,t
304.756,76189,t
304.816,76204,)
305.536,76384,(
305.592,76398,N
305.600,76400,N
305.640,76410,)
305.784,76446,(
305.852,76463,t
305.896,76474,t
305.956,76489,)
306.676,76669,(
306.732,76683,N
306.740,76685,N
306.780,76695,)
306.916,76729,(
306.988,76747,t
307.036,76759,t
307.128,76782,)
307.808,76952,(
307.864,76966,N
307.872,76968,N
307.912,76978,)
308.056,77014,(
308.132,77033,t
308.168,77042,t
308.228,77057,)
308.960,77240,(
309.012,77253,N
309.016,77254,N
309.048,77262,)
309.196,77299,(
309.284,77321,t
309.316,77329,t
309.372,77343,)
310.088,77522,(
310.144,77536,N
310.152,77538,N
310.196,77549,)
310.340,77585,(
310.408,77602,t
310.452,77613,t
310.544,77636,)
311.216,77804,(
311.268,77817,N
311.276,77819,N
311.304,77826,)
311.456,77864,(
311.536,77884,t
311.576,77894,t
311.632,77908,)
312.352,78088,(
312.412,78103,N
312.420,78105,N
312.460,78115,)
312.600,78150,(
312.676,78169,t
312.716,78179,t
312.768,78192,)
313.444,78361,(
313.496,78374,N
313.504,78376,N
313.532,78383,)
313.684,78421,(
313.780,78445,t
313.800,78450,t
313.852,78463,)
314.544,78636,(
314.604,78651,N
314.608,78652,N
314.644,78661,)
314.796,78699,(
314.872,78718,t
314.904,78726,t
314.996,78749,)
315.656,78914,(
315.716,78929,N
315.724,78931,N
315.764,78941,)
315.900,78975,(
315.980,78995,t
316.016,79004,t
316.072,79018,)
316.772,79193,(
316.824,79206,N
316.832,79208,N
316.876,79219,)
317.012,79253,(
317.128,79282,t
317.224,79306,)
317.848,79462,(
317.904,79476,N
317.912,79478,N
317.952,79488,)
318.092,79523,(
318.180,79545,t
318.208,79552,t
318.268,79567,)
318.960,79740,(
319.012,79753,N
319.024,79756,N
319.064,79766,)
319.204,79801,(
319.284,79821,t
319.316,79829,t
319.376,79844,)
320.084,80021,(
320.136,80034,N
320.148,80037,N
320.188,80047,)
320.332,80083,(
320.400,80100,t
320.444,80111,t
320.536,80134,)
321.180,80295,(
321.240,80310,N
321.248,80312,N
321.288,80322,)
321.424,80356,(
321.512,80378,t
321.544,80386,t
321.604,80401,)
322.332,80583,(
322.388,80597,N
322.396,80599,N
322.436,80609,)
322.584,80646,(
322.664,80666,t
322.696,80674,t
322.784,80696,)
323.484,80871,(
323.544,80886,N
323.552,80888,N
323.580,80895,)
323.732,80933,(
323.796,80949,t
323.848,80962,t
323.944,80986,)
324.596,81149,(
324.652,81163,N
324.660,81165,N
324.704,81176,)
324.840,81210,(
324.928,81232,t
324.960,81240,t
325.020,81255,)
325.752,81438,(
325.808,81452,N
325.820,81455,N
325.860,81465,)
326.000,81500,(
326.080,81520,t
326.116,81529,t
326.172,81543,)
326.912,81728,(
326.964,81741,N
326.976,81744,N
327.016,81754,)
327.160,81790,(
327.228,81807,t
327.276,81819,t
327.372,81843,)
328.020,82005,(
328.076,82019,N
328.084,82021,N
328.124,82031,)
328.264,82066,(
328.352,82088,t
328.380,82095,t
328.472,82118,)
329.160,82290,(
329.216,82304,N
329.224,82306,N
329.264,82316,)
329.408,82352,(
329.488,82372,t
329.520,82380,t
329.576,82394,)
330.292,82573,(
330.348,82587,N
330.356,82589,N
330.396,82599,)
330.536,82634,(
330.604,82651,t
330.652,82663,t
330.752,82688,)
331.400,82850,(
331.456,82864,N
331.464,82866,N
331.512,82878,)
331.648,82912,(
331.732,82933,t
331.760,82940,t
331.820,82955,)
332.548,83137,(
332.604,83151,N
332.616,83154,N
332.656,83164,)
332.800,83200,(
332.876,83219,t
332.912,83228,t
333.008,83252,)
333.700,83425,(
333.752,83438,N
333.764,83441,N
333.804,83451,)
333.948,83487,(
334.028,83507,t
334.060,83515,t
334.160,83540,)
334.820,83705,(
334.872,83718,N
334.876,83719,N
334.908,83727,)
335.060,83765,(
335.136,83784,t
335.172,83793,t
335.228,83807,)
335.484,83871,(
335.536,83884,N
335.536,83884,N
335.576,83894,)
335.700,83925,(
335.792,83948,t
335.820,83955,t
335.872,83968,)
336.824,84206,(
336.876,84219,N
336.880,84220,N
336.920,84230,)
337.056,84264,(
337.132,84283,t
337.188,84297,t
337.284,84321,)
337.924,84481,(
337.980,84495,N
337.988,84497,N
338.028,84507,)
338.164,84541,(
338.244,84561,t
338.284,84571,t
338.340,84585,)
339.052,84763,(
339.112,84778,N
339.116,84779,N
339.156,84789,)
339.296,84824,(
339.376,84844,t
339.416,84854,t
339.472,84868,)
340.200,85050,(
340.260,85065,N
340.264,85066,N
340.300,85075,)
340.452,85113,(
340.520,85130,t
340.564,85141,t
340.652,85163,)
341.320,85330,(
341.380,85345,N
341.384,85346,N
341.428,85357,)
341.560,85390,(
341.644,85411,t
341.684,85421,t
341.776,85444,)
342.472,85618,(
342.528,85632,N
342.528,85632,N
342.568,85642,)
342.716,85679,(
342.792,85698,t
342.828,85707,t
342.924,85731,)
343.624,85906,(
343.684,85921,N
343.684,85921,N
343.720,85930,)
343.872,85968,(
343.944,85986,t
343.988,85997,t
344.084,86021,)
344.772,86193,(
344.828,86207,N
344.832,86208,N
344.872,86218,)
345.020,86255,(
345.096,86274,t
345.136,86284,t
345.192,86298,)
345.920,86480,(
345.980,86495,N
345.984,86496,N
346.016,86504,)
346.168,86542,(
346.248,86562,t
346.288,86572,t
346.380,86595,)
347.084,86771,(
347.144,86786,N
347.144,86786,N
347.188,86797,)
347.328,86832,(
347.396,86849,t
347.448,86862,t
347.540,86885,)
348.228,87057,(
348.276,87069,N
348.284,87071,N
348.328,87082,)
348.472,87118,(
348.548,87137,t
348.588,87147,t
348.640,87160,)
349.376,87344,(
349.432,87358,N
349.440,87360,N
349.480,87370,)
349.620,87405,(
349.704,87426,t
349.740,87435,t
349.800,87450,)
350.540,87635,(
350.592,87648,N
350.596,87649,N
350.640,87660,)
350.788,87697,(
350.852,87713,t
350.900,87725,t
350.992,87748,)
351.660,87915,(
351.720,87930,N
351.724,87931,N
351.764,87941,)
351.912,87978,(
351.988,87997,t
352.024,88006,t
352.084,88021,)
352.796,88199,(
352.856,88214,N
352.864,88216,N
352.904,88226,)
353.048,88262,(
353.124,88281,t
353.164,88291,t
353.216,88304,)
353.948,88487,(
354.008,88502,N
354.012,88503,N
354.056,88514,)
354.204,88551,(
354.264,88566,t
354.316,88579,t
354.412,88603,)
355.076,88769,(
355.128,88782,N
355.128,88782,N
355.172,88793,)
355.316,88829,(
355.396,88849,t
355.432,88858,t
355.524,88881,)
356.204,89051,(
356.260,89065,N
356.268,89067,N
356.312,89078,)
356.468,89117,(
356.536,89134,t
356.572,89143,t
356.628,89157,)
357.336,89334,(
357.388,89347,N
357.396,89349,N
357.436,89359,)
357.576,89394,(
357.648,89412,t
357.696,89424,t
357.800,89450,)
358.428,89607,(
358.480,89620,N
358.480,89620,N
358.524,89631,)
358.668,89667,(
358.756,89689,t
358.784,89696,t
358.848,89712,)
359.504,89876,(
359.568,89892,N
359.572,89893,N
359.616,89904,)
360.012,90003,(
360.064,90016,N
360.076,90019,N
360.104,90026,)
360.276,90069,(
360.328,90082,t
360.328,90082,t
360.400,90100,)
361.660,90415,(
361.708,90427,N
361.712,90428,N
361.756,90439,)
362.740,90685,(
362.792,90698,N
362.796,90699,N
362.836,90709,)
362.976,90744,(
363.068,90767,t
363.096,90774,t
363.152,90788,)
363.836,90959,(
363.896,90974,N
363.900,90975,N
363.932,90983,)
364.076,91019,(
364.156,91039,t
364.200,91050,t
364.292,91073,)
364.924,91231,(
364.980,91245,N
364.984,91246,N
365.024,91256,)
365.160,91290,(
365.248,91312,t
365.284,91321,t
365.384,91346,)
365.988,91497,(
366.052,91513,N
366.056,91514,N
366.088,91522,)
366.240,91560,(
366.308,91577,t
366.352,91588,t
366.444,91611,)
367.100,91775,(
367.152,91788,N
367.160,91790,N
367.204,91801,)
367.348,91837,(
367.416,91854,t
367.460,91865,t
367.548,91887,)
368.236,92059,(
368.288,92072,N
368.292,92073,N
368.336,92084,)
368.484,92121,(
368.548,92137,t
368.596,92149,t
368.688,92172,)
369.304,92326,(
369.364,92341,N
369.364,92341,N
369.400,92350,)
369.548,92387,(
369.624,92406,t
369.664,92416,t
369.716,92429,)
370.444,92611,(
370.500,92625,N
370.508,92627,N
370.548,92637,)
370.696,92674,(
370.756,92689,t
370.804,92701,t
370.896,92724,)
371.568,92892,(
371.620,92905,N
371.628,92907,N
371.660,92915,)
372.712,93178,(
372.768,93192,N
372.776,93194,N
372.808,93202,)
372.968,93242,(
373.036,93259,t
373.076,93269,t
373.128,93282,)
373.792,93448,(
373.848,93462,N
373.856,93464,N
373.900,93475,)
374.040,93510,(
374.112,93528,t
374.152,93538,t
374.240,93560,)
375.016,93754,(
375.072,93768,N
375.076,93769,N
375.116,93779,)
375.260,93815,(
375.348,93837,t
375.380,93845,t
375.436,93859,)
376.176,94044,(
376.232,94058,N
376.240,94060,N
376.280,94070,)
376.420,94105,(
376.508,94127,t
376.540,94135,t
376.628,94157,)
377.332,94333,(
377.388,94347,N
377.396,94349,N
377.436,94359,)
378.460,94615,(
378.520,94630,N
378.524,94631,N
378.556,94639,)
378.704,94676,(
378.788,94697,t
378.820,94705,t
378.872,94718,)
379.624,94906,(
379.680,94920,N
379.684,94921,N
379.724,94931,)
379.872,94968,(
379.948,94987,t
379.988,94997,t
380.040,95010,)
380.768,95192,(
380.824,95206,N
380.832,95208,N
380.876,95219,)
381.020,95255,(
381.100,95275,t
381.132,95283,t
381.232,95308,)
381.904,95476,(
381.964,95491,N
381.972,95493,N
382.004,95501,)
382.392,95598,(
382.440,95610,N
382.448,95612,N
382.480,95620,)
382.612,95653,(
382.704,95676,t
382.708,95677,t
382.764,95691,)
384.160,96040,(
384.208,96052,N
384.216,96054,N
384.256,96064,)
385.284,96321,(
385.332,96333,N
385.340,96335,N
385.384,96346,)
385.500,96375,(
385.608,96402,t
385.636,96409,t
385.696,96424,)
386.400,96600,(
386.456,96614,N
386.464,96616,N
386.492,96623,)
386.644,96661,(
386.728,96682,t
386.764,96691,t
386.856,96714,)
387.508,96877,(
387.564,96891,N
387.568,96892,N
387.612,96903,)
387.752,96938,(
387.836,96959,t
387.872,96968,t
387.968,96992,)
388.624,97156,(
388.676,97169,N
388.684,97171,N
388.728,97182,)
388.876,97219,(
388.948,97237,t
388.988,97247,t
389.076,97269,)
389.772,97443,(
389.824,97456,N
389.836,97459,N
389.876,97469,)
390.020,97505,(
390.084,97521,t
390.132,97533,t
390.224,97556,)
390.916,97729,(
390.972,97743,N
390.984,97746,N
391.024,97756,)
391.472,97868,(
391.524,97881,N
391.580,97895,N
391.604,97901,)
393.172,98293,(
393.224,98306,N
393.228,98307,N
393.260,98315,)
394.292,98573,(
394.340,98585,N
394.348,98587,N
394.388,98597,)
394.516,98629,(
394.616,98654,t
394.648,98662,t
394.704,98676,)
395.428,98857,(
395.480,98870,N
395.488,98872,N
395.528,98882,)
395.660,98915,(
395.748,98937,t
395.784,98946,t
395.876,98969,)
396.560,99140,(
396.620,99155,N
396.624,99156,N
396.656,99164,)
396.808,99202,(
396.880,99220,t
396.924,99231,t
397.016,99254,)
397.692,99423,(
397.744,99436,N
397.752,99438,N
397.796,99449,)
398.244,99561,(
398.292,99573,N
398.348,99587,N
398.388,99597,)
399.920,99980,(
399.972,99993,N
399.976,99994,N
400.012,100003,)
401.040,100260,(
401.096,100274,N
401.104,100276,N
401.148,100287,)
401.276,100319,(
401.376,100344,t
401.404,100351,t
401.464,100366,)
402.180,100545,(
402.240,100560,N
402.240,100560,N
402.280,100570,)
402.420,100605,(
402.504,100626,t
402.540,100635,t
402.592,100648,)
403.320,100830,(
403.372,100843,N
403.376,100844,N
403.408,100852,)
403.556,100889,(
403.632,100908,t
403.672,100918,t
403.764,100941,)
404.448,101112,(
404.512,101128,N
404.512,101128,N
404.548,101137,)
404.696,101174,(
404.768,101192,t
404.812,101203,t
404.912,101228,)
405.576,101394,(
405.628,101407,N
405.636,101409,N
405.676,101419,)
405.816,101454,(
405.896,101474,t
405.936,101484,t
406.024,101506,)
406.744,101686,(
406.804,101701,N
406.808,101702,N
406.852,101713,)
407.000,101750,(
407.068,101767,t
407.112,101778,t
407.204,101801,)
407.916,101979,(
407.980,101995,N
407.984,101996,N
408.020,102005,)
408.168,102042,(
408.232,102058,t
408.284,102071,t
408.376,102094,)
409.080,102270,(
409.144,102286,N
409.144,102286,N
409.188,102297,)
409.336,102334,(
409.420,102355,t
409.452,102363,t
409.512,102378,)
410.272,102568,(
410.332,102583,N
410.336,102584,N
410.376,102594,)
410.528,102632,(
410.596,102649,t
410.640,102660,t
410.732,102683,)
411.440,102860,(
411.496,102874,N
411.500,102875,N
411.540,102885,)
411.684,102921,(
411.772,102943,t
411.804,102951,t
411.868,102967,)
412.612,103153,(
412.668,103167,N
412.668,103167,N
412.704,103176,)
412.864,103216,(
412.940,103235,t
412.976,103244,t
413.032,103258,)
413.788,103447,(
413.848,103462,N
413.852,103463,N
413.884,103471,)
414.036,103509,(
414.120,103530,t
414.156,103539,t
414.248,103562,)
414.948,103737,(
415.012,103753,N
415.012,103753,N
415.052,103763,)
415.196,103799,(
415.268,103817,t
415.316,103829,t
415.412,103853,)
416.104,104026,(
416.164,104041,N
416.168,104042,N
416.212,104053,)
416.348,104087,(
416.432,104108,t
416.472,104118,t
416.524,104131,)
417.288,104322,(
417.340,104335,N
417.344,104336,N
417.388,104347,)
417.532,104383,(
417.604,104401,t
417.652,104413,t
417.744,104436,)
418.428,104607,(
418.504,104626,N
418.508,104627,N
418.540,104635,)
418.696,104674,(
418.776,104694,t
418.812,104703,t
418.912,104728,)
419.620,104905,(
419.672,104918,N
419.676,104919,N
419.716,104929,)
419.860,104965,(
419.940,104985,t
419.976,104994,t
420.068,105017,)
420.800,105200,(
420.856,105214,N
420.864,105216,N
420.904,105226,)
421.044,105261,(
421.132,105283,t
421.168,105292,t
421.264,105316,)
421.980,105495,(
422.044,105511,N
422.044,105511,N
422.080,105520,)
422.232,105558,(
422.304,105576,t
422.348,105587,t
422.400,105600,)
423.128,105782,(
423.188,105797,N
423.192,105798,N
423.232,105808,)
423.372,105843,(
423.460,105865,t
423.496,105874,t
423.556,105889,)
424.288,106072,(
424.348,106087,N
424.352,106088,N
424.392,106098,)
424.532,106133,(
424.620,106155,t
424.656,106164,t
424.708,106177,)
425.464,106366,(
425.520,106380,N
425.528,106382,N
425.568,106392,)
425.708,106427,(
425.784,106446,t
425.828,106457,t
425.920,106480,)
426.616,106654,(
426.668,106667,N
426.676,106669,N
426.716,106679,)
427.744,106936,(
427.800,106950,N
427.808,106952,N
427.836,106959,)
427.992,106998,(
428.076,107019,t
428.108,107027,t
428.200,107050,)
428.904,107226,(
428.956,107239,N
428.968,107242,N
429.012,107253,)
429.144,107286,(
429.224,107306,t
429.264,107316,t
429.356,107339,)
430.056,107514,(
430.112,107528,N
430.116,107529,N
430.156,107539,)
430.304,107576,(
430.392,107598,t
430.420,107605,t
430.520,107630,)
431.208,107802,(
431.260,107815,N
431.268,107817,N
431.296,107824,)
431.456,107864,(
431.536,107884,t
431.568,107892,t
431.660,107915,)
432.372,108093,(
432.428,108107,N
432.436,108109,N
432.476,108119,)
432.620,108155,(
432.692,108173,t
432.740,108185,t
432.828,108207,)
433.508,108377,(
433.560,108390,N
433.568,108392,N
433.608,108402,)
433.744,108436,(
433.840,108460,t
433.868,108467,t
433.928,108482,)
434.652,108663,(
434.708,108677,N
434.712,108678,N
434.744,108686,)
434.896,108724,(
434.980,108745,t
435.016,108754,t
435.104,108776,)
435.808,108952,(
435.864,108966,N
435.872,108968,N
435.912,108978,)
436.048,109012,(
436.128,109032,t
436.172,109043,t
436.268,109067,)
436.920,109230,(
436.980,109245,N
436.984,109246,N
437.024,109256,)
437.164,109291,(
437.248,109312,t
437.284,109321,t
437.376,109344,)
438.052,109513,(
438.112,109528,N
438.116,109529,N
438.156,109539,)
439.192,109798,(
439.248,109812,N
439.256,109814,N
439.296,109824,)
439.440,109860,(
439.512,109878,t
439.556,109889,t
439.648,109912,)
440.304,110076,(
440.364,110091,N
440.364,110091,N
440.400,110100,)
440.548,110137,(
440.636,110159,t
440.668,110167,t
440.760,110190,)
441.440,110360,(
441.496,110374,N
441.508,110377,N
441.548,110387,)
441.696,110424,(
441.776,110444,t
441.808,110452,t
441.860,110465,)
442.596,110649,(
442.648,110662,N
442.656,110664,N
442.696,110674,)
442.836,110709,(
442.924,110731,t
442.960,110740,t
443.056,110764,)
443.732,110933,(
443.792,110948,N
443.796,110949,N
443.832,110958,)
443.980,110995,(
444.064,111016,t
444.100,111025,t
444.192,111048,)
444.904,111226,(
444.956,111239,N
444.968,111242,N
445.012,111253,)
445.144,111286,(
445.228,111307,t
445.268,111317,t
445.360,111340,)
446.064,111516,(
446.120,111530,N
446.124,111531,N
446.160,111540,)
446.316,111579,(
446.392,111598,t
446.428,111607,t
446.532,111633,)
447.204,111801,(
447.260,111815,N
447.268,111817,N
447.296,111824,)
447.444,111861,(
447.528,111882,t
447.568,111892,t
447.660,111915,)
448.352,112088,(
448.412,112103,N
448.416,112104,N
448.448,112112,)
448.592,112148,(
448.676,112169,t
448.712,112178,t
448.768,112192,)
449.492,112373,(
449.544,112386,N
449.548,112387,N
449.596,112399,)
449.736,112434,(
449.824,112456,t
449.852,112463,t
449.948,112487,)
450.584,112646,(
450.636,112659,N
450.644,112661,N
450.688,112672,)
450.820,112705,(
450.908,112727,t
450.940,112735,t
451.036,112759,)
451.700,112925,(
451.752,112938,N
451.764,112941,N
451.804,112951,)
451.944,112986,(
452.012,113003,t
452.064,113016,t
452.160,113040,)
452.804,113201,(
452.856,113214,N
452.864,113216,N
452.904,113226,)
453.048,113262,(
453.136,113284,t
453.164,113291,t
453.228,113307,)
453.912,113478,(
453.972,113493,N
453.984,113496,N
454.012,113503,)
454.160,113540,(
454.244,113561,t
454.276,113569,t
454.340,113585,)
455.048,113762,(
455.104,113776,N
455.108,113777,N
455.152,113788,)
455.296,113824,(
455.364,113841,t
455.412,113853,t
455.500,113875,)
456.156,114039,(
456.216,114054,N
456.220,114055,N
456.264,114066,)
456.404,114101,(
456.496,114124,t
456.520,114130,t
456.580,114145,)
457.280,114320,(
457.340,114335,N
457.344,114336,N
457.380,114345,)
457.528,114382,(
457.608,114402,t
457.644,114411,t
457.736,114434,)
458.420,114605,(
458.480,114620,N
458.484,114621,N
458.524,114631,)
458.660,114665,(
458.744,114686,t
458.784,114696,t
458.880,114720,)
459.552,114888,(
459.604,114901,N
459.612,114903,N
459.656,114914,)
459.792,114948,(
459.884,114971,t
459.916,114979,t
459.980,114995,)
460.696,115174,(
460.744,115186,N
460.756,115189,N
460.796,115199,)
460.940,115235,(
461.016,115254,t
461.056,115264,t
461.148,115287,)
461.852,115463,(
461.904,115476,N
461.912,115478,N
461.952,115488,)
462.968,115742,(
463.028,115757,N
463.032,115758,N
463.076,115769,)
463.208,115802,(
463.308,115827,t
463.336,115834,t
463.432,115858,)
464.116,116029,(
464.168,116042,N
464.176,116044,N
464.220,116055,)
464.364,116091,(
464.440,116110,t
464.480,116120,t
464.572,116143,)
465.264,116316,(
465.324,116331,N
465.328,116332,N
465.360,116340,)
465.504,116376,(
465.592,116398,t
465.632,116408,t
465.720,116430,)
466.404,116601,(
466.464,116616,N
466.464,116616,N
466.504,116626,)
466.644,116661,(
466.736,116684,t
466.768,116692,t
466.824,116706,)
467.568,116892,(
467.624,116906,N
467.632,116908,N
467.672,116918,)
467.808,116952,(
467.892,116973,t
467.932,116983,t
468.028,117007,)
468.724,117181,(
468.776,117194,N
468.780,117195,N
468.816,117204,)
468.976,117244,(
469.036,117259,t
469.084,117271,t
469.180,117295,)
469.840,117460,(
469.896,117474,N
469.896,117474,N
469.932,117483,)
470.080,117520,(
470.172,117543,t
470.200,117550,t
470.256,117564,)
471.000,117750,(
471.052,117763,N
471.060,117765,N
471.100,117775,)
471.244,117811,(
471.328,117832,t
471.360,117840,t
471.408,117852,)
472.152,118038,(
472.200,118050,N
472.208,118052,N
472.248,118062,)
472.384,118096,(
472.464,118116,t
472.508,118127,t
472.600,118150,)
473.268,118317,(
473.324,118331,N
473.332,118333,N
473.376,118344,)
473.512,118378,(
473.600,118400,t
473.636,118409,t
473.692,118423,)
474.404,118601,(
474.464,118616,N
474.468,118617,N
474.508,118627,)
474.648,118662,(
474.732,118683,t
474.768,118692,t
474.860,118715,)
475.548,118887,(
475.612,118903,N
475.616,118904,N
475.652,118913,)
475.800,118950,(
475.880,118970,t
475.916,118979,t
475.972,118993,)
476.696,119174,(
476.752,119188,N
476.756,119189,N
476.800,119200,)
477.828,119457,(
477.888,119472,N
477.896,119474,N
477.936,119484,)
478.072,119518,(
478.156,119539,t
478.196,119549,t
478.288,119572,)
478.992,119748,(
479.044,119761,N
479.052,119763,N
479.092,119773,)
479.236,119809,(
479.316,119829,t
479.356,119839,t
479.448,119862,)
480.148,120037,(
480.200,120050,N
480.200,120050,N
480.236,120059,)
481.256,120314,(
481.316,120329,N
481.316,120329,N
481.352,120338,)
481.496,120374,(
481.584,120396,t
481.620,120405,t
481.716,120429,)
482.388,120597,(
482.448,120612,N
482.452,120613,N
482.484,120621,)
482.632,120658,(
482.716,120679,t
482.752,120688,t
482.804,120701,)
483.508,120877,(
483.580,120895,N
483.584,120896,N
483.628,120907,)
483.768,120942,(
483.844,120961,t
483.888,120972,t
483.984,120996,)
484.624,121156,(
484.688,121172,N
484.692,121173,N
484.732,121183,)
484.876,121219,(
484.964,121241,t
484.996,121249,t
485.088,121272,)
485.756,121439,(
485.816,121454,N
485.820,121455,N
485.864,121466,)
486.012,121503,(
486.084,121521,t
486.128,121532,t
486.216,121554,)
486.884,121721,(
486.940,121735,N
486.944,121736,N
486.988,121747,)
487.132,121783,(
487.204,121801,t
487.248,121812,t
487.344,121836,)
487.992,121998,(
488.052,122013,N
488.052,122013,N
488.088,122022,)
488.256,122064,(
488.316,122079,t
488.356,122089,t
488.412,122103,)
489.128,122282,(
489.200,122300,N
489.200,122300,N
489.236,122309,)
489.392,122348,(
489.464,122366,t
489.504,122376,t
489.564,122391,)
490.280,122570,(
490.340,122585,N
490.340,122585,N
490.384,122596,)
490.528,122632,(
490.608,122652,t
490.648,122662,t
490.744,122686,)
491.404,122851,(
491.464,122866,N
491.468,122867,N
491.504,122876,)
491.652,122913,(
491.736,122934,t
491.772,122943,t
491.828,122957,)
492.556,123139,(
492.612,123153,N
492.620,123155,N
492.664,123166,)
492.804,123201,(
492.876,123219,t
492.920,123230,t
493.012,123253,)
493.696,123424,(
493.752,123438,N
493.760,123440,N
493.792,123448,)
493.936,123484,(
494.016,123504,t
494.060,123515,t
494.164,123541,)
494.804,123701,(
494.864,123716,N
494.864,123716,N
494.900,123725,)
495.048,123762,(
495.132,123783,t
495.168,123792,t
495.228,123807,)
495.928,123982,(
495.988,123997,N
495.996,123999,N
496.024,124006,)
496.180,124045,(
496.252,124063,t
496.296,124074,t
496.388,124097,)
497.032,124258,(
497.104,124276,N
497.112,124278,N
497.140,124285,)
497.296,124324,(
497.372,124343,t
497.416,124354,t
497.516,124379,)
498.148,124537,(
498.208,124552,N
498.216,124554,N
498.256,124564,)
498.400,124600,(
498.476,124619,t
498.512,124628,t
498.600,124650,)
499.264,124816,(
499.324,124831,N
499.324,124831,N
499.360,124840,)
499.508,124877,(
499.584,124896,t
499.624,124906,t
499.720,124930,)
500.368,125092,(
500.416,125104,N
500.424,125106,N
500.468,125117,)
501.460,125365,(
501.520,125380,N
501.524,125381,N
501.556,125389,)
501.708,125427,(
501.792,125448,t
501.824,125456,t
501.916,125479,)
502.604,125651,(
502.660,125665,N
502.664,125666,N
502.700,125675,)
502.840,125710,(
502.924,125731,t
502.968,125742,t
503.056,125764,)
503.732,125933,(
503.784,125946,N
503.788,125947,N
503.832,125958,)
504.848,126212,(
504.904,126226,N
504.912,126228,N
504.952,126238,)
505.096,126274,(
505.176,126294,t
505.212,126303,t
505.308,126327,)
506.004,126501,(
506.060,126515,N
506.064,126516,N
506.096,126524,)
506.240,126560,(
506.328,126582,t
506.364,126591,t
506.424,126606,)
507.136,126784,(
507.192,126798,N
507.196,126799,N
507.240,126810,)
508.296,127074,(
508.348,127087,N
508.352,127088,N
508.396,127099,)
508.532,127133,(
508.616,127154,t
508.652,127163,t
508.712,127178,)
509.448,127362,(
509.504,127376,N
509.512,127378,N
509.552,127388,)
510.580,127645,(
510.636,127659,N
510.640,127660,N
510.672,127668,)
510.820,127705,(
510.900,127725,t
510.940,127735,t
511.032,127758,)
511.728,127932,(
511.784,127946,N
511.796,127949,N
511.836,127959,)
511.980,127995,(
512.056,128014,t
512.096,128024,t
512.192,128048,)
512.888,128222,(
512.940,128235,N
512.952,128238,N
512.992,128248,)
513.132,128283,(
513.208,128302,t
513.252,128313,t
513.352,128338,)
514.020,128505,(
514.080,128520,N
514.092,128523,N
514.132,128533,)
514.272,128568,(
514.356,128589,t
514.392,128598,t
514.484,128621,)
515.184,128796,(
515.244,128811,N
515.248,128812,N
515.284,128821,)
515.432,128858,(
515.516,128879,t
515.548,128887,t
515.604,128901,)
516.324,129081,(
516.388,129097,N
516.388,129097,N
516.432,129108,)
516.568,129142,(
516.660,129165,t
516.692,129173,t
516.788,129197,)
517.484,129371,(
517.536,129384,N
517.544,129386,N
517.584,129396,)
518.048,129512,(
518.096,129524,N
518.152,129538,N
518.196,129549,)
519.720,129930,(
519.768,129942,N
519.776,129944,N
519.808,129952,)
520.880,130220,(
520.932,130233,N
520.936,130234,N
520.980,130245,)
521.108,130277,(
521.208,130302,t
521.236,130309,t
521.332,130333,)
522.000,130500,(
522.060,130515,N
522.064,130516,N
522.096,130524,)
522.232,130558,(
522.332,130583,t
522.364,130591,t
522.460,130615,)
523.084,130771,(
523.136,130784,N
523.144,130786,N
523.172,130793,)
523.316,130829,(
523.416,130854,t
523.444,130861,t
523.508,130877,)
524.184,131046,(
524.240,131060,N
524.248,131062,N
524.288,131072,)
524.436,131109,(
524.512,131128,t
524.548,131137,t
524.640,131160,)
525.308,131327,(
525.372,131343,N
525.376,131344,N
525.408,131352,)
525.556,131389,(
525.636,131409,t
525.676,131419,t
525.768,131442,)
526.460,131615,(
526.512,131628,N
526.516,131629,N
526.548,131637,)
527.588,131897,(
527.644,131911,N
527.648,131912,N
527.688,131922,)
527.828,131957,(
527.908,131977,t
527.944,131986,t
528.036,132009,)
528.732,132183,(
528.792,132198,N
528.800,132200,N
528.828,132207,)
528.988,132247,(
529.064,132266,t
529.100,132275,t
529.192,132298,)
529.904,132476,(
529.960,132490,N
529.968,132492,N
530.012,132503,)
530.160,132540,(
530.224,132556,t
530.272,132568,t
530.364,132591,)
531.060,132765,(
531.112,132778,N
531.120,132780,N
531.148,132787,)
531.304,132826,(
531.388,132847,t
531.424,132856,t
531.480,132870,)
532.232,133058,(
532.284,133071,N
532.288,133072,N
532.328,133082,)
532.476,133119,(
532.556,133139,t
532.592,133148,t
532.648,133162,)
533.408,133352,(
533.464,133366,N
533.468,133367,N
533.500,133375,)
533.648,133412,(
533.732,133433,t
533.772,133443,t
533.868,133467,)
534.540,133635,(
534.596,133649,N
534.600,133650,N
534.640,133660,)
534.784,133696,(
534.876,133719,t
534.904,133726,t
535.004,133751,)
535.708,133927,(
535.768,133942,N
535.772,133943,N
535.808,133952,)
535.960,133990,(
536.032,134008,t
536.076,134019,t
536.168,134042,)
536.904,134226,(
536.964,134241,N
536.968,134242,N
537.012,134253,)
537.156,134289,(
537.236,134309,t
537.272,134318,t
537.324,134331,)
538.084,134521,(
538.144,134536,N
538.148,134537,N
538.188,134547,)
538.328,134582,(
538.404,134601,t
538.448,134612,t
538.544,134636,)
539.256,134814,(
539.308,134827,N
539.312,134828,N
539.348,134837,)
540.428,135107,(
540.484,135121,N
540.488,135122,N
540.532,135133,)
540.668,135167,(
540.756,135189,t
540.792,135198,t
540.880,135220,)
541.608,135402,(
541.668,135417,N
541.672,135418,N
541.704,135426,)
541.860,135465,(
541.932,135483,t
541.976,135494,t
542.072,135518,)
542.752,135688,(
542.808,135702,N
542.812,135703,N
542.856,135714,)
543.000,135750,(
543.084,135771,t
543.120,135780,t
543.176,135794,)
543.920,135980,(
543.972,135993,N
543.980,135995,N
544.020,136005,)
544.160,136040,(
544.248,136062,t
544.284,136071,t
544.336,136084,)
545.080,136270,(
545.144,136286,N
545.148,136287,N
545.180,136295,)
545.332,136333,(
545.404,136351,t
545.452,136363,t
545.544,136386,)
546.224,136556,(
546.284,136571,N
546.288,136572,N
546.328,136582,)
546.468,136617,(
546.560,136640,t
546.592,136648,t
546.652,136663,)
547.388,136847,(
547.448,136862,N
547.452,136863,N
547.488,136872,)
547.636,136909,(
547.720,136930,t
547.756,136939,t
547.812,136953,)
548.552,137138,(
548.612,137153,N
548.616,137154,N
548.652,137163,)
548.800,137200,(
548.880,137220,t
548.920,137230,t
548.976,137244,)
549.704,137426,(
549.760,137440,N
549.768,137442,N
549.808,137452,)
549.944,137486,(
550.040,137510,t
550.072,137518,t
550.120,137530,)
550.856,137714,(
550.916,137729,N
550.920,137730,N
550.956,137739,)
551.104,137776,(
551.188,137797,t
551.224,137806,t
551.320,137830,)
552.008,138002,(
552.072,138018,N
552.076,138019,N
552.112,138028,)
552.260,138065,(
552.340,138085,t
552.380,138095,t
552.436,138109,)
553.148,138287,(
553.208,138302,N
553.216,138304,N
553.256,138314,)
554.280,138570,(
554.340,138585,N
554.344,138586,N
554.376,138594,)
554.524,138631,(
554.616,138654,t
554.648,138662,t
554.740,138685,)
555.420,138855,(
555.480,138870,N
555.488,138872,N
555.528,138882,)
555.672,138918,(
555.748,138937,t
555.788,138947,t
555.848,138962,)
556.556,139139,(
556.612,139153,N
556.620,139155,N
556.664,139166,)
557.132,139283,(
557.184,139296,N
557.192,139298,N
557.232,139308,)
557.352,139338,(
557.456,139364,t
557.480,139370,t
557.532,139383,)
558.452,139613,(
558.512,139628,N
558.520,139630,N
558.564,139641,)
558.696,139674,(
558.788,139697,t
558.828,139707,t
558.884,139721,)
559.580,139895,(
559.636,139909,N
559.644,139911,N
559.688,139922,)
559.816,139954,(
559.908,139977,t
559.944,139986,t
560.044,140011,)
560.676,140169,(
560.732,140183,N
560.740,140185,N
560.780,140195,)
560.912,140228,(
561.004,140251,t
561.040,140260,t
561.100,140275,)
561.788,140447,(
561.840,140460,N
561.848,140462,N
561.892,140473,)
562.032,140508,(
562.112,140528,t
562.148,140537,t
562.200,140550,)
562.908,140727,(
562.964,140741,N
562.972,140743,N
563.016,140754,)
563.152,140788,(
563.236,140809,t
563.268,140817,t
563.360,140840,)
564.012,141003,(
564.072,141018,N
564.076,141019,N
564.116,141029,)
564.264,141066,(
564.344,141086,t
564.376,141094,t
564.468,141117,)
565.148,141287,(
565.208,141302,N
565.212,141303,N
565.244,141311,)
565.396,141349,(
565.464,141366,t
565.512,141378,t
565.600,141400,)
566.272,141568,(
566.324,141581,N
566.332,141583,N
566.372,141593,)
566.528,141632,(
566.604,141651,t
566.636,141659,t
566.736,141684,)
567.372,141843,(
567.432,141858,N
567.436,141859,N
567.476,141869,)
567.628,141907,(
567.704,141926,t
567.740,141935,t
567.796,141949,)
568.512,142128,(
568.576,142144,N
568.580,142145,N
568.612,142153,)
568.764,142191,(
568.844,142211,t
568.880,142220,t
568.972,142243,)
569.660,142415,(
569.716,142429,N
569.724,142431,N
569.764,142441,)
569.924,142481,(
569.976,142494,t
570.028,142507,t
570.124,142531,)
570.796,142699,(
570.848,142712,N
570.856,142714,N
570.896,142724,)
571.032,142758,(
571.120,142780,t
571.152,142788,t
571.212,142803,)
571.948,142987,(
572.004,143001,N
572.008,143002,N
572.044,143011,)
572.192,143048,(
572.268,143067,t
572.308,143077,t
572.400,143100,)
573.068,143267,(
573.128,143282,N
573.132,143283,N
573.168,143292,)
574.204,143551,(
574.260,143565,N
574.272,143568,N
574.312,143578,)
574.456,143614,(
574.540,143635,t
574.572,143643,t
574.664,143666,)
575.380,143845,(
575.440,143860,N
575.444,143861,N
575.484,143871,)
575.624,143906,(
575.708,143927,t
575.744,143936,t
575.840,143960,)
576.508,144127,(
576.568,144142,N
576.576,144144,N
576.616,144154,)
576.756,144189,(
576.848,144212,t
576.876,144219,t
576.928,144232,)
577.676,144419,(
577.732,144433,N
577.740,144435,N
577.768,144442,)
577.916,144479,(
578.008,144502,t
578.036,144509,t
578.128,144532,)
578.828,144707,(
578.880,144720,N
578.888,144722,N
578.932,144733,)
579.076,144769,(
579.152,144788,t
579.192,144798,t
579.244,144811,)
579.948,144987,(
580.004,145001,N
580.012,145003,N
580.056,145014,)
580.196,145049,(
580.280,145070,t
580.312,145078,t
580.408,145102,)
581.072,145268,(
581.128,145282,N
581.136,145284,N
581.180,145295,)
581.320,145330,(
581.400,145350,t
581.436,145359,t
581.528,145382,)
582.228,145557,(
582.284,145571,N
582.296,145574,N
582.336,145584,)
582.480,145620,(
582.548,145637,t
582.592,145648,t
582.684,145671,)
583.360,145840,(
583.416,145854,N
583.420,145855,N
583.464,145866,)
583.608,145902,(
583.700,145925,t
583.724,145931,t
583.780,145945,)
584.464,146116,(
584.536,146134,N
584.544,146136,N
584.572,146143,)
584.716,146179,(
584.764,146191,t
584.844,146211,t
584.864,146216,)
585.572,146393,(
585.644,146411,N
585.652,146413,N
585.700,146425,)
585.900,146475,(
585.920,146480,t
585.940,146485,t
585.948,146487,)
586.672,146668,(
586.728,146682,N
586.732,146683,N
586.776,146694,)
586.908,146727,(
587.012,146753,t
587.032,146758,t
587.100,146775,)
587.732,146933,(
587.792,146948,N
587.800,146950,N
587.840,146960,)
587.980,146995,(
588.060,147015,t
588.096,147024,t
588.152,147038,)
588.792,147198,(
588.848,147212,N
588.856,147214,N
588.896,147224,)
589.024,147256,(
589.128,147282,t
589.156,147289,t
589.256,147314,)
589.820,147455,(
589.880,147470,N
589.888,147472,N
589.916,147479,)
590.064,147516,(
590.156,147539,t
590.180,147545,t
590.244,147561,)
590.880,147720,(
590.932,147733,N
590.944,147736,N
590.968,147742,)
591.124,147781,(
591.208,147802,t
591.240,147810,t
591.296,147824,)
591.976,147994,(
592.028,148007,N
592.036,148009,N
592.076,148019,)
592.228,148057,(
592.296,148074,t
592.332,148083,t
592.428,148107,)
593.056,148264,(
593.112,148278,N
593.124,148281,N
593.164,148291,)
594.144,148536,(
594.200,148550,N
594.208,148552,N
594.248,148562,)
594.376,148594,(
594.480,148620,t
594.508,148627,t
594.560,148640,)
595.264,148816,(
595.324,148831,N
595.328,148832,N
595.360,148840,)
595.508,148877,(
595.596,148899,t
595.632,148908,t
595.724,148931,)
596.436,149109,(
596.496,149124,N
596.500,149125,N
596.540,149135,)
596.676,149169,(
596.764,149191,t
596.800,149200,t
596.896,149224,)
597.588,149397,(
597.636,149409,N
597.644,149411,N
597.688,149422,)
597.812,149453,(
597.916,149479,t
597.948,149487,t
598.004,149501,)
598.744,149686,(
598.800,149700,N
598.808,149702,N
598.852,149713,)
598.992,149748,(
599.076,149769,t
599.112,149778,t
599.168,149792,)
599.932,149983,(
599.988,149997,N
599.996,149999,N
600.040,150010,)
600.164,150041,(
600.252,150063,t
600.300,150075,t
600.392,150098,)
601.108,150277,(
601.168,150292,N
601.168,150292,N
601.208,150302,)
601.348,150337,(
601.444,150361,t
601.476,150369,t
601.532,150383,)
602.304,150576,(
602.364,150591,N
602.372,150593,N
602.412,150603,)
602.556,150639,(
602.636,150659,t
602.676,150669,t
602.768,150692,)
603.524,150881,(
603.580,150895,N
603.588,150897,N
603.632,150908,)
603.772,150943,(
603.848,150962,t
603.892,150973,t
603.948,150987,)
604.708,151177,(
604.768,151192,N
604.772,151193,N
604.808,151202,)
604.956,151239,(
605.044,151261,t
605.076,151269,t
605.168,151292,)
605.916,151479,(
605.972,151493,N
605.984,151496,N
606.020,151505,)
606.160,151540,(
606.244,151561,t
606.284,151571,t
606.336,151584,)
607.104,151776,(
607.160,151790,N
607.168,151792,N
607.212,151803,)
607.352,151838,(
607.432,151858,t
607.476,151869,t
607.564,151891,)
608.272,152068,(
608.332,152083,N
608.336,152084,N
608.368,152092,)
608.516,152129,(
608.608,152152,t
608.640,152160,t
608.692,152173,)
609.464,152366,(
609.520,152380,N
609.528,152382,N
609.568,152392,)
609.708,152427,(
609.796,152449,t
609.832,152458,t
609.928,152482,)
610.636,152659,(
610.700,152675,N
610.700,152675,N
610.736,152684,)
610.888,152722,(
610.964,152741,t
611.004,152751,t
611.100,152775,)
611.788,152947,(
611.848,152962,N
611.856,152964,N
611.896,152974,)
612.040,153010,(
612.124,153031,t
612.160,153040,t
612.256,153064,)
612.972,153243,(
613.032,153258,N
613.036,153259,N
613.076,153269,)
613.220,153305,(
613.308,153327,t
613.340,153335,t
613.432,153358,)
614.156,153539,(
614.208,153552,N
614.208,153552,N
614.244,153561,)
614.704,153676,(
614.760,153690,N
614.764,153691,N
614.804,153701,)
614.924,153731,(
615.028,153757,t
615.052,153763,t
615.100,153775,)
616.020,154005,(
616.076,154019,N
616.080,154020,N
616.124,154031,)
616.240,154060,(
616.356,154089,t
616.400,154100,t
616.440,154110,)
617.232,154308,(
617.284,154321,N
617.292,154323,N
617.332,154333,)
617.472,154368,(
617.564,154391,t
617.596,154399,t
617.648,154412,)
618.396,154599,(
618.456,154614,N
618.464,154616,N
618.508,154627,)
618.644,154661,(
618.732,154683,t
618.764,154691,t
618.820,154705,)
619.544,154886,(
619.604,154901,N
619.608,154902,N
619.644,154911,)
619.788,154947,(
619.872,154968,t
619.912,154978,t
620.012,155003,)
620.664,155166,(
620.720,155180,N
620.724,155181,N
620.764,155191,)
620.900,155225,(
620.992,155248,t
621.024,155256,t
621.084,155271,)
621.800,155450,(
621.864,155466,N
621.864,155466,N
621.900,155475,)
622.052,155513,(
622.132,155533,t
622.168,155542,t
622.216,155554,)
622.968,155742,(
623.024,155756,N
623.028,155757,N
623.072,155768,)
623.208,155802,(
623.292,155823,t
623.332,155833,t
623.432,155858,)
624.076,156019,(
624.136,156034,N
624.140,156035,N
624.184,156046,)
624.320,156080,(
624.416,156104,t
624.444,156111,t
624.524,156131,)
625.164,156291,(
625.224,156306,N
625.228,156307,N
625.272,156318,)
625.412,156353,(
625.496,156374,t
625.532,156383,t
625.588,156397,)
626.264,156566,(
626.324,156581,N
626.324,156581,N
626.368,156592,)
626.516,156629,(
626.596,156649,t
626.628,156657,t
626.692,156673,)
627.332,156833,(
627.388,156847,N
627.396,156849,N
627.436,156859,)
627.812,156953,(
627.880,156970,N
627.904,156976,N
627.932,156983,)
628.100,157025,(
628.152,157038,t
628.160,157040,t
628.228,157057,)
629.464,157366,(
629.520,157380,N
629.528,157382,N
629.556,157389,)
630.540,157635,(
630.588,157647,N
630.596,157649,N
630.628,157657,)
630.768,157692,(
630.864,157716,t
630.892,157723,t
630.992,157748,)
631.656,157914,(
631.716,157929,N
631.720,157930,N
631.760,157940,)
631.904,157976,(
631.988,157997,t
632.020,158005,t
632.112,158028,)
632.792,158198,(
632.848,158212,N
632.856,158214,N
632.896,158224,)
633.028,158257,(
633.160,158290,t
633.252,158313,)
633.920,158480,(
633.972,158493,N
633.984,158496,N
634.024,158506,)
634.160,158540,(
634.248,158562,t
634.280,158570,t
634.368,158592,)
635.124,158781,(
635.184,158796,N
635.188,158797,N
635.224,158806,)
635.380,158845,(
635.448,158862,t
635.488,158872,t
635.572,158893,)
636.340,159085,(
636.396,159099,N
636.400,159100,N
636.432,159108,)
636.588,159147,(
636.668,159167,t
636.704,159176,t
636.796,159199,)
637.544,159386,(
637.596,159399,N
637.604,159401,N
637.636,159409,)
637.796,159449,(
637.868,159467,t
637.904,159476,t
637.960,159490,)
638.772,159693,(
638.824,159706,N
638.828,159707,N
638.864,159716,)
639.016,159754,(
639.092,159773,t
639.128,159782,t
639.188,159797,)
639.972,159993,(
640.028,160007,N
640.036,160009,N
640.076,160019,)
640.216,160054,(
640.304,160076,t
640.336,160084,t
640.432,160108,)
641.168,160292,(
641.224,160306,N
641.232,160308,N
641.272,160318,)
641.412,160353,(
641.492,160373,t
641.532,160383,t
641.588,160397,)
642.368,160592,(
642.424,160606,N
642.436,160609,N
642.464,160616,)
642.616,160654,(
642.696,160674,t
642.732,160683,t
642.828,160707,)
643.572,160893,(
643.628,160907,N
643.640,160910,N
643.680,160920,)
643.824,160956,(
643.900,160975,t
643.940,160985,t
644.036,161009,)
644.764,161191,(
644.824,161206,N
644.828,161207,N
644.864,161216,)
645.008,161252,(
645.096,161274,t
645.128,161282,t
645.184,161296,)
645.960,161490,(
646.020,161505,N
646.028,161507,N
646.056,161514,)
646.208,161552,(
646.296,161574,t
646.328,161582,t
646.380,161595,)
647.164,161791,(
647.224,161806,N
647.232,161808,N
647.272,161818,)
647.412,161853,(
647.492,161873,t
647.532,161883,t
647.624,161906,)
648.328,162082,(
648.388,162097,N
648.396,162099,N
648.424,162106,)
648.572,162143,(
648.664,162166,t
648.696,162174,t
648.752,162188,)
649.508,162377,(
649.568,162392,N
649.572,162393,N
649.616,162404,)
649.752,162438,(
649.836,162459,t
649.872,162468,t
649.928,162482,)
650.680,162670,(
650.740,162685,N
650.744,162686,N
650.788,162697,)
650.924,162731,(
651.004,162751,t
651.044,162761,t
651.140,162785,)
651.812,162953,(
651.864,162966,N
651.868,162967,N
651.900,162975,)
652.040,163010,(
652.136,163034,t
652.168,163042,t
652.232,163058,)
652.960,163240,(
653.020,163255,N
653.028,163257,N
653.056,163264,)
653.204,163301,(
653.292,163323,t
653.328,163332,t
653.416,163354,)
654.132,163533,(
654.192,163548,N
654.200,163550,N
654.240,163560,)
654.384,163596,(
654.460,163615,t
654.500,163625,t
654.596,163649,)
655.272,163818,(
655.324,163831,N
655.332,163833,N
655.376,163844,)
655.512,163878,(
655.600,163900,t
655.636,163909,t
655.692,163923,)
656.420,164105,(
656.480,164120,N
656.488,164122,N
656.520,164130,)
656.664,164166,(
656.752,164188,t
656.788,164197,t
656.880,164220,)
657.572,164393,(
657.628,164407,N
657.640,164410,N
657.680,164420,)
657.820,164455,(
657.900,164475,t
657.940,164485,t
657.996,164499,)
658.708,164677,(
658.768,164692,N
658.776,164694,N
658.808,164702,)
658.956,164739,(
659.048,164762,t
659.076,164769,t
659.136,164784,)
659.856,164964,(
659.916,164979,N
659.920,164980,N
659.956,164989,)
660.092,165023,(
660.188,165047,t
660.224,165056,t
660.284,165071,)
661.000,165250,(
661.060,165265,N
661.064,165266,N
661.108,165277,)
661.552,165388,(
661.604,165401,N
661.616,165404,N
661.652,165413,)
661.792,165448,(
661.880,165470,t
661.900,165475,t
661.956,165489,)
662.860,165715,(
662.916,165729,N
662.928,165732,N
662.956,165739,)
663.108,165777,(
663.196,165799,t
663.236,165809,t
663.328,165832,)
664.008,166002,(
664.060,166015,N
664.064,166016,N
664.096,166024,)
664.244,166061,(
664.324,166081,t
664.364,166091,t
664.460,166115,)
665.124,166281,(
665.180,166295,N
665.184,166296,N
665.224,166306,)
665.364,166341,(
665.464,166366,t
665.488,166372,t
665.588,166397,)
666.232,166558,(
666.292,166573,N
666.296,166574,N
666.332,166583,)
666.484,166621,(
666.560,166640,t
666.596,166649,t
666.652,166663,)
667.364,166841,(
667.424,166856,N
667.428,166857,N
667.468,166867,)
667.616,166904,(
667.688,166922,t
667.728,166932,t
667.820,166955,)
668.508,167127,(
668.560,167140,N
668.560,167140,N
668.596,167149,)
668.744,167186,(
668.832,167208,t
668.864,167216,t
668.928,167232,)
669.640,167410,(
669.700,167425,N
669.704,167426,N
669.736,167434,)
669.892,167473,(
669.972,167493,t
670.008,167502,t
670.060,167515,)
670.796,167699,(
670.856,167714,N
670.860,167715,N
670.904,167726,)
671.048,167762,(
671.128,167782,t
671.164,167791,t
671.264,167816,)
671.928,167982,(
671.980,167995,N
671.984,167996,N
672.016,168004,)
672.164,168041,(
672.252,168063,t
672.288,168072,t
672.344,168086,)
673.080,168270,(
673.140,168285,N
673.144,168286,N
673.188,168297,)
673.324,168331,(
673.412,168353,t
673.444,168361,t
673.500,168375,)
674.220,168555,(
674.276,168569,N
674.284,168571,N
674.324,168581,)
674.464,168616,(
674.552,168638,t
674.588,168647,t
674.676,168669,)
675.304,168826,(
675.364,168841,N
675.368,168842,N
675.408,168852,)
675.552,168888,(
675.636,168909,t
675.672,168918,t
675.732,168933,)
676.408,169102,(
676.464,169116,N
676.464,169116,N
676.512,169128,)
677.476,169369,(
677.544,169386,N
677.544,169386,N
677.584,169396,)
677.744,169436,(
677.812,169453,t
677.848,169462,t
677.908,169477,)
678.556,169639,(
678.620,169655,N
678.620,169655,N
678.660,169665,)
678.808,169702,(
678.880,169720,t
678.924,169731,t
679.012,169753,)
679.676,169919,(
679.724,169931,N
679.724,169931,N
679.768,169942,)
679.916,169979,(
679.984,169996,t
680.028,170007,t
680.120,170030,)
680.780,170195,(
680.824,170206,N
680.832,170208,N
680.876,170219,)
681.016,170254,(
681.096,170274,t
681.136,170284,t
681.236,170309,)
681.872,170468,(
681.932,170483,N
681.936,170484,N
681.972,170493,)
682.976,170744,(
683.036,170759,N
683.036,170759,N
683.072,170768,)
683.220,170805,(
683.304,170826,t
683.340,170835,t
683.432,170858,)
684.100,171025,(
684.160,171040,N
684.164,171041,N
684.196,171049,)
684.364,171091,(
684.420,171105,t
684.468,171117,t
684.552,171138,)
685.228,171307,(
685.284,171321,N
685.292,171323,N
685.332,171333,)
685.476,171369,(
685.568,171392,t
685.596,171399,t
685.692,171423,)
686.340,171585,(
686.404,171601,N
686.408,171602,N
686.440,171610,)
686.596,171649,(
686.672,171668,t
686.712,171678,t
686.808,171702,)
687.468,171867,(
687.528,171882,N
687.528,171882,N
687.568,171892,)
687.708,171927,(
687.804,171951,t
687.836,171959,t
687.928,171982,)
688.572,172143,(
688.632,172158,N
688.640,172160,N
688.680,172170,)
688.816,172204,(
688.908,172227,t
688.940,172235,t
688.996,172249,)
689.720,172430,(
689.776,172444,N
689.784,172446,N
689.828,172457,)
689.972,172493,(
690.048,172512,t
690.088,172522,t
690.180,172545,)
690.864,172716,(
690.924,172731,N
690.928,172732,N
690.968,172742,)
692.012,173003,(
692.076,173019,N
692.076,173019,N
692.112,173028,)
692.248,173062,(
692.348,173087,t
692.384,173096,t
692.472,173118,)
693.188,173297,(
693.248,173312,N
693.252,173313,N
693.296,173324,)
693.428,173357,(
693.512,173378,t
693.556,173389,t
693.652,173413,)
694.340,173585,(
694.396,173599,N
694.400,173600,N
694.444,173611,)
694.576,173644,(
694.668,173667,t
694.704,173676,t
694.760,173690,)
695.504,173876,(
695.560,173890,N
695.568,173892,N
695.608,173902,)
695.748,173937,(
695.828,173957,t
695.868,173967,t
695.956,173989,)
696.668,174167,(
696.728,174182,N
696.732,174183,N
696.772,174193,)
696.900,174225,(
696.996,174249,t
697.036,174259,t
697.136,174284,)
697.828,174457,(
697.884,174471,N
697.888,174472,N
697.928,174482,)
699.008,174752,(
699.068,174767,N
699.072,174768,N
699.104,174776,)
699.248,174812,(
699.340,174835,t
699.376,174844,t
699.468,174867,)
700.208,175052,(
700.260,175065,N
700.264,175066,N
700.308,175077,)
700.744,175186,(
700.792,175198,N
700.852,175213,N
700.888,175222,)
702.392,175598,(
702.448,175612,N
702.456,175614,N
702.488,175622,)
702.888,175722,(
702.928,175732,N
702.948,175737,N
702.972,175743,)
703.128,175782,(
703.196,175799,t
703.204,175801,t
703.280,175820,)
704.392,176098,(
704.448,176112,N
704.456,176114,N
704.500,176125,)
704.616,176154,(
704.732,176183,t
704.780,176195,t
704.816,176204,)
705.424,176356,(
705.480,176370,N
705.488,176372,N
705.516,176379,)
705.652,176413,(
705.752,176438,t
705.784,176446,t
705.884,176471,)
706.452,176613,(
706.512,176628,N
706.516,176629,N
706.560,176640,)
707.468,176867,(
707.528,176882,N
707.528,176882,N
707.564,176891,)
708.516,177129,(
708.588,177147,N
708.592,177148,N
708.632,177158,)
708.776,177194,(
708.836,177209,t
708.888,177222,t
708.972,177243,)
709.508,177377,(
709.568,177392,N
709.572,177393,N
709.616,177404,)
709.784,177446,(
709.844,177461,t
709.872,177468,t
709.920,177480,)
710.512,177628,(
710.568,177642,N
710.576,177644,N
710.616,177654,)
711.496,177874,(
711.568,177892,N
711.576,177894,N
711.616,177904,)
712.472,178118,(
712.544,178136,N
712.556,178139,N
712.596,178149,)
712.736,178184,(
712.744,178186,t
712.856,178214,t
712.944,178236,)
713.500,178375,(
713.552,178388,N
713.560,178390,N
713.600,178400,)
714.508,178627,(
714.568,178642,N
714.572,178643,N
714.616,178654,)
714.768,178692,(
714.824,178706,t
714.868,178717,t
714.932,178733,)
715.516,178879,(
715.592,178898,N
715.600,178900,N
715.640,178910,)
716.584,179146,(
716.636,179159,N
716.644,179161,N
716.688,179172,)
716.920,179230,(
716.944,179236,t
717.036,179259,)
717.564,179391,(
717.628,179407,N
717.636,179409,N
717.680,179420,)
717.820,179455,(
717.888,179472,t
718.004,179501,)
718.576,179644,(
718.632,179658,N
718.640,179660,N
718.680,179670,)
719.548,179887,(
719.600,179900,N
719.608,179902,N
719.648,179912,)
719.792,179948,(
719.884,179971,t
719.900,179975,t
720.008,180002,)
720.504,180126,(
720.560,180140,N
720.560,180140,N
720.604,180151,)
720.744,180186,(
720.840,180210,t
720.856,180214,t
720.948,180237,)
721.448,180362,(
721.496,180374,N
721.504,180376,N
721.536,180384,)
721.668,180417,(
721.772,180443,t
721.796,180449,t
721.856,180464,)
722.408,180602,(
722.456,180614,N
722.464,180616,N
722.496,180624,)
722.640,180660,(
722.720,180680,t
722.756,180689,t
722.844,180711,)
723.376,180844,(
723.432,180858,N
723.436,180859,N
723.476,180869,)
723.616,180904,(
723.700,180925,t
723.728,180932,t
723.824,180956,)
724.380,181095,(
724.432,181108,N
724.436,181109,N
724.476,181119,)
724.612,181153,(
724.696,181174,t
724.728,181182,t
724.784,181196,)
725.416,181354,(
725.472,181368,N
725.476,181369,N
725.512,181378,)
725.656,181414,(
725.740,181435,t
725.772,181443,t
725.828,181457,)
726.476,181619,(
726.536,181634,N
726.536,181634,N
726.576,181644,)
726.712,181678,(
726.800,181700,t
726.832,181708,t
726.884,181721,)
727.564,181891,(
727.620,181905,N
727.628,181907,N
727.660,181915,)
727.804,181951,(
727.892,181973,t
727.924,181981,t
727.984,181996,)
728.664,182166,(
728.724,182181,N
728.724,182181,N
728.760,182190,)
728.896,182224,(
728.992,182248,t
729.024,182256,t
729.084,182271,)
729.768,182442,(
729.824,182456,N
729.832,182458,N
729.872,182468,)
729.988,182497,(
730.100,182525,t
730.128,182532,t
730.188,182547,)
730.868,182717,(
730.940,182735,N
730.944,182736,N
730.980,182745,)
731.108,182777,(
731.208,182802,t
731.244,182811,t
731.300,182825,)
732.004,183001,(
732.068,183017,N
732.068,183017,N
732.104,183026,)
732.232,183058,(
732.332,183083,t
732.368,183092,t
732.460,183115,)
733.168,183292,(
733.232,183308,N
733.232,183308,N
733.268,183317,)
734.336,183584,(
734.396,183599,N
734.396,183599,N
734.432,183608,)
734.576,183644,(
734.664,183666,t
734.696,183674,t
734.788,183697,)
735.492,183873,(
735.552,183888,N
735.556,183889,N
735.588,183897,)
736.664,184166,(
736.724,184181,N
736.732,184183,N
736.772,184193,)
736.908,184227,(
736.996,184249,t
737.032,184258,t
737.124,184281,)
737.852,184463,(
737.912,184478,N
737.916,184479,N
737.956,184489,)
738.096,184524,(
738.176,184544,t
738.220,184555,t
738.308,184577,)
738.968,184742,(
739.028,184757,N
739.028,184757,N
739.072,184768,)
739.200,184800,(
739.304,184826,t
739.336,184834,t
739.388,184847,)
740.128,185032,(
740.192,185048,N
740.192,185048,N
740.236,185059,)
740.368,185092,(
740.456,185114,t
740.496,185124,t
740.548,185137,)
741.296,185324,(
741.356,185339,N
741.356,185339,N
741.392,185348,)
742.476,185619,(
742.536,185634,N
742.536,185634,N
742.572,185643,)
742.716,185679,(
742.808,185702,t
742.844,185711,t
742.896,185724,)
743.652,185913,(
743.716,185929,N
743.716,185929,N
743.752,185938,)
743.884,185971,(
743.984,185996,t
744.020,186005,t
744.116,186029,)
744.852,186213,(
744.912,186228,N
744.920,186230,N
744.960,186240,)
745.092,186273,(
745.184,186296,t
745.224,186306,t
745.280,186320,)
746.036,186509,(
746.096,186524,N
746.100,186525,N
746.140,186535,)
746.644,186661,(
746.692,186673,N
746.700,186675,N
746.740,186685,)
746.856,186714,(
746.960,186740,t
746.980,186745,t
747.036,186759,)
747.616,186904,(
747.672,186918,N
747.676,186919,N
747.716,186929,)
748.948,187237,(
749.012,187253,N
749.012,187253,N
749.052,187263,)
749.188,187297,(
749.284,187321,t
749.320,187330,t
749.412,187353,)
750.100,187525,(
750.160,187540,N
750.164,187541,N
750.204,187551,)
750.328,187582,(
750.424,187606,t
750.468,187617,t
750.552,187638,)
751.188,187797,(
751.252,187813,N
751.252,187813,N
751.296,187824,)
751.424,187856,(
751.516,187879,t
751.552,187888,t
751.600,187900,)
752.316,188079,(
752.372,188093,N
752.372,188093,N
752.408,188102,)
752.548,188137,(
752.632,188158,t
752.668,188167,t
752.720,188180,)
753.460,188365,(
753.512,188378,N
753.516,188379,N
753.548,188387,)
754.608,188652,(
754.664,188666,N
754.668,188667,N
754.708,188677,)
754.844,188711,(
754.936,188734,t
754.972,188743,t
755.068,188767,)
755.736,188934,(
755.792,188948,N
755.796,188949,N
755.832,188958,)
755.980,188995,(
756.060,189015,t
756.096,189024,t
756.152,189038,)
756.888,189222,(
756.940,189235,N
756.952,189238,N
756.992,189248,)
758.044,189511,(
758.096,189524,N
758.108,189527,N
758.148,189537,)
758.268,189567,(
758.368,189592,t
758.408,189602,t
758.504,189626,)
759.172,189793,(
759.228,189807,N
759.232,189808,N
759.272,189818,)
759.420,189855,(
759.508,189877,t
759.540,189885,t
759.592,189898,)
760.320,190080,(
760.380,190095,N
760.380,190095,N
760.416,190104,)
760.556,190139,(
760.652,190163,t
760.684,190171,t
760.772,190193,)
761.476,190369,(
761.532,190383,N
761.536,190384,N
761.580,190395,)
761.700,190425,(
761.800,190450,t
761.836,190459,t
761.928,190482,)
762.612,190653,(
762.676,190669,N
762.688,190672,N
762.728,190682,)
762.904,190726,(
762.988,190747,t
763.056,190764,)
763.732,190933,(
763.776,190944,N
763.788,190947,N
763.888,190972,)
764.048,191012,(
764.072,191018,t
764.088,191022,t
764.124,191031,)
764.820,191205,(
764.876,191219,N
764.884,191221,N
764.924,191231,)
765.068,191267,(
765.136,191284,t
765.180,191295,t
765.280,191320,)
765.884,191471,(
765.940,191485,N
765.948,191487,N
765.992,191498,)
766.116,191529,(
766.220,191555,t
766.252,191563,t
766.316,191579,)
766.968,191742,(
767.020,191755,N
767.028,191757,N
767.072,191768,)
767.208,191802,(
767.288,191822,t
767.328,191832,t
767.420,191855,)
767.996,191999,(
768.056,192014,N
768.060,192015,N
768.100,192025,)
768.240,192060,(
768.332,192083,t
768.356,192089,t
768.412,192103,)
769.060,192265,(
769.120,192280,N
769.124,192281,N
769.160,192290,)
769.304,192326,(
769.388,192347,t
769.420,192355,t
769.476,192369,)
770.168,192542,(
770.224,192556,N
770.224,192556,N
770.264,192566,)
770.408,192602,(
770.492,192623,t
770.524,192631,t
770.580,192645,)
771.264,192816,(
771.324,192831,N
771.332,192833,N
771.376,192844,)
771.512,192878,(
771.596,192899,t
771.632,192908,t
771.720,192930,)
772.396,193099,(
772.448,193112,N
772.452,193113,N
772.492,193123,)
772.632,193158,(
772.716,193179,t
772.752,193188,t
772.852,193213,)
773.492,193373,(
773.552,193388,N
773.556,193389,N
773.588,193397,)
773.724,193431,(
773.820,193455,t
773.852,193463,t
773.944,193486,)
774.636,193659,(
774.692,193673,N
774.700,193675,N
774.728,193682,)
774.876,193719,(
774.968,193742,t
774.996,193749,t
775.088,193772,)
775.808,193952,(
775.864,193966,N
775.872,193968,N
775.912,193978,)
776.044,194011,(
776.136,194034,t
776.172,194043,t
776.228,194057,)
777.012,194253,(
777.052,194263,N
777.060,194265,N
777.100,194275,)
778.040,194510,(
778.112,194528,N
778.124,194531,N
778.164,194541,)
778.292,194573,(
778.392,194598,t
778.420,194605,t
778.480,194620,)
779.160,194790,(
779.216,194804,N
779.224,194806,N
779.264,194816,)
779.400,194850,(
779.484,194871,t
779.516,194879,t
779.580,194895,)
780.240,195060,(
780.300,195075,N
780.304,195076,N
780.344,195086,)
780.472,195118,(
780.568,195142,t
780.600,195150,t
780.700,195175,)
781.280,195320,(
781.340,195335,N
781.344,195336,N
781.376,195344,)
781.508,195377,(
781.612,195403,t
781.640,195410,t
781.696,195424,)
782.400,195600,(
782.456,195614,N
782.468,195617,N
782.512,195628,)
782.636,195659,(
782.728,195682,t
782.764,195691,t
782.820,195705,)
783.548,195887,(
783.604,195901,N
783.616,195904,N
783.656,195914,)
783.780,195945,(
783.876,195969,t
783.908,195977,t
783.960,195990,)
784.736,196184,(
784.784,196196,N
784.796,196199,N
784.836,196209,)
784.972,196243,(
785.060,196265,t
785.088,196272,t
785.180,196295,)
785.912,196478,(
785.972,196493,N
785.976,196494,N
786.012,196503,)
786.152,196538,(
786.240,196560,t
786.272,196568,t
786.364,196591,)
787.108,196777,(
787.168,196792,N
787.176,196794,N
787.204,196801,)
787.352,196838,(
787.440,196860,t
787.476,196869,t
787.564,196891,)
788.280,197070,(
788.332,197083,N
788.340,197085,N
788.384,197096,)
788.512,197128,(
788.608,197152,t
788.640,197160,t
788.732,197183,)
789.504,197376,(
789.560,197390,N
789.560,197390,N
789.596,197399,)
789.736,197434,(
789.828,197457,t
789.864,197466,t
789.956,197489,)
790.664,197666,(
790.724,197681,N
790.732,197683,N
790.772,197693,)
790.904,197726,(
790.992,197748,t
791.032,197758,t
791.124,197781,)
791.800,197950,(
791.856,197964,N
791.864,197966,N
791.904,197976,)
792.036,198009,(
792.132,198033,t
792.164,198041,t
792.256,198064,)
792.964,198241,(
793.028,198257,N
793.028,198257,N
793.064,198266,)
793.212,198303,(
793.296,198324,t
793.332,198333,t
793.420,198355,)
794.144,198536,(
794.200,198550,N
794.208,198552,N
794.248,198562,)
794.388,198597,(
794.476,198619,t
794.508,198627,t
794.560,198640,)
795.268,198817,(
795.324,198831,N
795.332,198833,N
795.372,198843,)
795.512,198878,(
795.604,198901,t
795.636,198909,t
795.692,198923,)
796.412,199103,(
796.472,199118,N
796.480,199120,N
796.512,199128,)
796.648,199162,(
796.744,199186,t
796.780,199195,t
796.868,199217,)
797.584,199396,(
797.644,199411,N
797.648,199412,N
797.680,199420,)
797.828,199457,(
797.916,199479,t
797.952,199488,t
798.004,199501,)
798.748,199687,(
798.808,199702,N
798.812,199703,N
798.844,199711,)
799.296,199824,(
799.348,199837,N
799.400,199850,N
799.444,199861,)
800.952,200238,(
801.012,200253,N
801.016,200254,N
801.060,200265,)
802.052,200513,(
802.112,200528,N
802.116,200529,N
802.156,200539,)
802.284,200571,(
802.388,200597,t
802.416,200604,t
802.476,200619,)
803.148,200787,(
803.208,200802,N
803.212,200803,N
803.244,200811,)
803.380,200845,(
803.480,200870,t
803.512,200878,t
803.568,200892,)
804.248,201062,(
804.300,201075,N
804.304,201076,N
804.336,201084,)
804.480,201120,(
804.568,201142,t
804.604,201151,t
804.660,201165,)
805.328,201332,(
805.388,201347,N
805.392,201348,N
805.436,201359,)
805.568,201392,(
805.664,201416,t
805.696,201424,t
805.756,201439,)
806.420,201605,(
806.472,201618,N
806.476,201619,N
806.512,201628,)
806.648,201662,(
806.740,201685,t
806.776,201694,t
806.832,201708,)
807.512,201878,(
807.576,201894,N
807.576,201894,N
807.612,201903,)
807.756,201939,(
807.840,201960,t
807.876,201969,t
807.928,201982,)
808.636,202159,(
808.700,202175,N
808.700,202175,N
808.736,202184,)
808.884,202221,(
808.968,202242,t
809.004,202251,t
809.056,202264,)
809.760,202440,(
809.824,202456,N
809.824,202456,N
809.868,202467,)
810.012,202503,(
810.080,202520,t
810.128,202532,t
810.220,202555,)
810.868,202717,(
810.924,202731,N
810.932,202733,N
810.976,202744,)
811.112,202778,(
811.196,202799,t
811.232,202808,t
811.288,202822,)
811.992,202998,(
812.052,203013,N
812.052,203013,N
812.088,203022,)
812.228,203057,(
812.312,203078,t
812.360,203090,t
812.416,203104,)
813.100,203275,(
813.152,203288,N
813.160,203290,N
813.200,203300,)
813.328,203332,(
813.428,203357,t
813.460,203365,t
813.512,203378,)
814.212,203553,(
814.268,203567,N
814.276,203569,N
814.320,203580,)
814.456,203614,(
814.540,203635,t
814.580,203645,t
814.632,203658,)
815.344,203836,(
815.404,203851,N
815.404,203851,N
815.444,203861,)
815.588,203897,(
815.664,203916,t
815.708,203927,t
815.800,203950,)
816.460,204115,(
816.512,204128,N
816.516,204129,N
816.560,204140,)
816.696,204174,(
816.784,204196,t
816.816,204204,t
816.868,204217,)
817.592,204398,(
817.652,204413,N
817.656,204414,N
817.688,204422,)
817.840,204460,(
817.920,204480,t
817.956,204489,t
818.012,204503,)
818.728,204682,(
818.784,204696,N
818.792,204698,N
818.832,204708,)
818.976,204744,(
819.052,204763,t
819.092,204773,t
819.148,204787,)
819.876,204969,(
819.940,204985,N
819.944,204986,N
819.980,204995,)
820.128,205032,(
820.200,205050,t
820.248,205062,t
820.344,205086,)
821.004,205251,(
821.068,205267,N
821.068,205267,N
821.104,205276,)
821.248,205312,(
821.336,205334,t
821.372,205343,t
821.424,205356,)
822.156,205539,(
822.208,205552,N
822.216,205554,N
822.256,205564,)
822.392,205598,(
822.480,205620,t
822.516,205629,t
822.568,205642,)
823.300,205825,(
823.352,205838,N
823.356,205839,N
823.400,205850,)
823.536,205884,(
823.624,205906,t
823.660,205915,t
823.748,205937,)
824.424,206106,(
824.480,206120,N
824.484,206121,N
824.516,206129,)
824.656,206164,(
824.760,206190,t
824.788,206197,t
824.844,206211,)
825.548,206387,(
825.604,206401,N
825.616,206404,N
825.644,206411,)
825.796,206449,(
825.880,206470,t
825.912,206478,t
826.008,206502,)
826.692,206673,(
826.744,206686,N
826.756,206689,N
826.796,206699,)
826.952,206738,(
827.004,206751,t
827.052,206763,t
827.160,206790,)
827.784,206946,(
827.844,206961,N
827.848,206962,N
827.892,206973,)
828.036,207009,(
828.116,207029,t
828.148,207037,t
828.204,207051,)
828.908,207227,(
828.964,207241,N
828.968,207242,N
829.008,207252,)
829.140,207285,(
829.224,207306,t
829.268,207317,t
829.368,207342,)
830.008,207502,(
830.064,207516,N
830.068,207517,N
830.104,207526,)
830.244,207561,(
830.336,207584,t
830.368,207592,t
830.428,207607,)
831.124,207781,(
831.184,207796,N
831.188,207797,N
831.228,207807,)
831.372,207843,(
831.452,207863,t
831.488,207872,t
831.580,207895,)
832.256,208064,(
832.308,208077,N
832.320,208080,N
832.360,208090,)
832.500,208125,(
832.572,208143,t
832.620,208155,t
832.712,208178,)
833.344,208336,(
833.404,208351,N
833.408,208352,N
833.452,208363,)
833.572,208393,(
833.684,208421,t
833.708,208427,t
833.768,208442,)
834.444,208611,(
834.504,208626,N
834.512,208628,N
834.540,208635,)
834.688,208672,(
834.772,208693,t
834.804,208701,t
834.896,208724,)
835.560,208890,(
835.620,208905,N
835.624,208906,N
835.664,208916,)
835.812,208953,(
835.888,208972,t
835.920,208980,t
835.976,208994,)
836.672,209168,(
836.724,209181,N
836.732,209183,N
836.772,209193,)
836.908,209227,(
836.988,209247,t
837.032,209258,t
837.124,209281,)
837.744,209436,(
837.796,209449,N
837.804,209451,N
837.844,209461,)
837.984,209496,(
838.068,209517,t
838.100,209525,t
838.160,209540,)
838.836,209709,(
838.892,209723,N
838.896,209724,N
838.936,209734,)
839.084,209771,(
839.160,209790,t
839.192,209798,t
839.252,209813,)
839.936,209984,(
839.996,209999,N
840.004,210001,N
840.044,210011,)
840.192,210048,(
840.256,210064,t
840.300,210075,t
840.392,210098,)
841.012,210253,(
841.068,210267,N
841.072,210268,N
841.116,210279,)
841.248,210312,(
841.336,210334,t
841.368,210342,t
841.428,210357,)
842.096,210524,(
842.144,210536,N
842.152,210538,N
842.196,210549,)
842.336,210584,(
842.412,210603,t
842.448,210612,t
842.512,210628,)
843.168,210792,(
843.232,210808,N
843.236,210809,N
843.276,210819,)
843.412,210853,(
843.488,210872,t
843.532,210883,t
843.628,210907,)
844.212,211053,(
844.268,211067,N
844.276,211069,N
844.320,211080,)
844.456,211114,(
844.540,211135,t
844.572,211143,t
844.628,211157,)
845.280,211320,(
845.336,211334,N
845.344,211336,N
845.384,211346,)
845.524,211381,(
845.604,211401,t
845.636,211409,t
845.692,211423,)
846.380,211595,(
846.440,211610,N
846.448,211612,N
846.480,211620,)
846.624,211656,(
846.708,211677,t
846.740,211685,t
846.796,211699,)
847.516,211879,(
847.568,211892,N
847.576,211894,N
847.620,211905,)
847.756,211939,(
847.836,211959,t
847.876,211969,t
847.960,211990,)
848.652,212163,(
848.708,212177,N
848.716,212179,N
848.744,212186,)
848.888,212222,(
848.980,212245,t
849.016,212254,t
849.104,212276,)
849.764,212441,(
849.820,212455,N
849.828,212457,N
849.868,212467,)
850.004,212501,(
850.096,212524,t
850.128,212532,t
850.184,212546,)
850.896,212724,(
850.948,212737,N
850.960,212740,N
850.984,212746,)
851.132,212783,(
851.224,212806,t
851.256,212814,t
851.312,212828,)
852.016,213004,(
852.076,213019,N
852.084,213021,N
852.112,213028,)
852.252,213063,(
852.344,213086,t
852.380,213095,t
852.476,213119,)
853.100,213275,(
853.160,213290,N
853.164,213291,N
853.196,213299,)
853.332,213333,(
853.432,213358,t
853.464,213366,t
853.524,213381,)
854.172,213543,(
854.228,213557,N
854.232,213558,N
854.272,213568,)
854.404,213601,(
854.500,213625,t
854.532,213633,t
854.588,213647,)
855.248,213812,(
855.304,213826,N
855.312,213828,N
855.352,213838,)
855.492,213873,(
855.572,213893,t
855.612,213903,t
855.708,213927,)
856.356,214089,(
856.412,214103,N
856.420,214105,N
856.460,214115,)
856.596,214149,(
856.684,214171,t
856.720,214180,t
856.808,214202,)
857.496,214374,(
857.552,214388,N
857.560,214390,N
857.600,214400,)
857.736,214434,(
857.824,214456,t
857.860,214465,t
857.916,214479,)
858.668,214667,(
858.724,214681,N
858.728,214682,N
858.768,214692,)
858.900,214725,(
858.992,214748,t
859.028,214757,t
859.120,214780,)
859.816,214954,(
859.880,214970,N
859.880,214970,N
859.920,214980,)
860.996,215249,(
861.052,215263,N
861.060,215265,N
861.100,215275,)
861.236,215309,(
861.320,215330,t
861.360,215340,t
861.456,215364,)
862.148,215537,(
862.208,215552,N
862.208,215552,N
862.248,215562,)
862.372,215593,(
862.484,215621,t
862.512,215628,t
862.572,215643,)
863.288,215822,(
863.348,215837,N
863.352,215838,N
863.384,215846,)
863.524,215881,(
863.616,215904,t
863.648,215912,t
863.736,215934,)
864.436,216109,(
864.496,216124,N
864.504,216126,N
864.544,216136,)
864.684,216171,(
864.768,216192,t
864.800,216200,t
864.896,216224,)
865.596,216399,(
865.652,216413,N
865.660,216415,N
865.700,216425,)
865.832,216458,(
865.928,216482,t
865.960,216490,t
866.052,216513,)
866.720,216680,(
866.768,216692,N
866.776,216694,N
866.816,216704,)
866.964,216741,(
867.044,216761,t
867.080,216770,t
867.136,216784,)
867.856,216964,(
867.916,216979,N
867.924,216981,N
867.956,216989,)
868.108,217027,(
868.188,217047,t
868.224,217056,t
868.312,217078,)
869.004,217251,(
869.068,217267,N
869.068,217267,N
869.104,217276,)
869.244,217311,(
869.320,217330,t
869.372,217343,t
869.464,217366,)
870.136,217534,(
870.196,217549,N
870.200,217550,N
870.240,217560,)
870.376,217594,(
870.468,217617,t
870.504,217626,t
870.596,217649,)
871.292,217823,(
871.356,217839,N
871.356,217839,N
871.392,217848,)
871.544,217886,(
871.620,217905,t
871.664,217916,t
871.720,217930,)
872.436,218109,(
872.496,218124,N
872.500,218125,N
872.540,218135,)
872.680,218170,(
872.760,218190,t
872.800,218200,t
872.904,218226,)
873.552,218388,(
873.604,218401,N
873.612,218403,N
873.652,218413,)
873.800,218450,(
873.872,218468,t
873.912,218478,t
873.960,218490,)
874.672,218668,(
874.732,218683,N
874.740,218685,N
874.780,218695,)
874.924,218731,(
874.984,218746,t
875.036,218759,t
875.128,218782,)
875.772,218943,(
875.824,218956,N
875.824,218956,N
875.868,218967,)
876.008,219002,(
876.100,219025,t
876.132,219033,t
876.184,219046,)
876.860,219215,(
876.920,219230,N
876.924,219231,N
876.968,219242,)
877.116,219279,(
877.192,219298,t
877.228,219307,t
877.280,219320,)
877.980,219495,(
878.036,219509,N
878.044,219511,N
878.084,219521,)
878.236,219559,(
878.296,219574,t
878.348,219587,t
878.440,219610,)
879.056,219764,(
879.112,219778,N
879.112,219778,N
879.156,219789,)
879.300,219825,(
879.380,219845,t
879.416,219854,t
879.468,219867,)
880.188,220047,(
880.248,220062,N
880.256,220064,N
880.296,220074,)
880.440,220110,(
880.516,220129,t
880.552,220138,t
880.640,220160,)
881.328,220332,(
881.388,220347,N
881.396,220349,N
881.436,220359,)
881.576,220394,(
881.656,220414,t
881.696,220424,t
881.792,220448,)
882.416,220604,(
882.480,220620,N
882.484,220621,N
882.516,220629,)
882.664,220666,(
882.752,220688,t
882.784,220696,t
882.832,220708,)
883.568,220892,(
883.628,220907,N
883.636,220909,N
883.676,220919,)
883.820,220955,(
883.896,220974,t
883.936,220984,t
883.988,220997,)
884.716,221179,(
884.776,221194,N
884.780,221195,N
884.820,221205,)
884.964,221241,(
885.048,221262,t
885.080,221270,t
885.176,221294,)
885.840,221460,(
885.896,221474,N
885.896,221474,N
885.936,221484,)
886.084,221521,(
886.160,221540,t
886.196,221549,t
886.248,221562,)
886.992,221748,(
887.052,221763,N
887.060,221765,N
887.100,221775,)
887.244,221811,(
887.320,221830,t
887.360,221840,t
887.444,221861,)
888.128,222032,(
888.184,222046,N
888.192,222048,N
888.232,222058,)
888.364,222091,(
888.464,222116,t
888.496,222124,t
888.552,222138,)
889.264,222316,(
889.316,222329,N
889.324,222331,N
889.368,222342,)
889.512,222378,(
889.592,222398,t
889.624,222406,t
889.680,222420,)
890.444,222611,(
890.496,222624,N
890.508,222627,N
890.548,222637,)
890.692,222673,(
890.764,222691,t
890.808,222702,t
890.900,222725,)
891.592,222898,(
891.652,222913,N
891.652,222913,N
891.692,222923,)
891.824,222956,(
891.924,222981,t
891.956,222989,t
892.012,223003,)
892.768,223192,(
892.832,223208,N
892.832,223208,N
892.876,223219,)
893.020,223255,(
893.100,223275,t
893.136,223284,t
893.224,223306,)
893.968,223492,(
894.028,223507,N
894.032,223508,N
894.064,223516,)
894.220,223555,(
894.292,223573,t
894.336,223584,t
894.428,223607,)
895.116,223779,(
895.176,223794,N
895.176,223794,N
895.216,223804,)
895.360,223840,(
895.444,223861,t
895.480,223870,t
895.532,223883,)
896.296,224074,(
896.348,224087,N
896.356,224089,N
896.400,224100,)
897.420,224355,(
897.480,224370,N
897.484,224371,N
897.532,224383,)
897.792,224448,(
897.980,224495,t
898.108,224527,)
898.528,224632,(
898.596,224649,N
898.608,224652,N
898.656,224664,)
898.828,224707,(
898.864,224716,t
898.916,224729,t
898.968,224742,)
